gen,filename,score
1,"[87, 293]",1.398
1,"[87, 222]",1.422
1,"[95, 427]",1.503
1,"[53, 73]",1.553
1,"[111, 196]",1.875
1,"[181, 309]",2.139
1,"[158, 348]",2.235
1,"[17, 142]",2.239
1,"[195, 437]",2.244
1,"[407, 431]",2.267
1,"[75, 303]",2.28
1,"[101, 385]",2.412
1,"[64, 118]",2.415
1,"[21, 366]",2.461
1,"[320, 416]",2.49
1,"[231, 359]",2.519
1,"[197, 435]",2.539
1,"[281, 329]",2.616
1,"[15, 267]",2.623
1,"[362, 429]",2.638
1,"[412, 439]",2.76
1,"[28, 303]",2.771
1,"[44, 65]",2.784
1,"[254, 353]",2.992
1,"[302, 353]",3.092
1,"[94, 396]",3.44
1,"[38, 71]",3.55
1,"[187, 408]",3.661
1,"[25, 214]",3.896
1,"[16, 90]",3.957
1,"[249, 406]",4.199
1,"[5, 224]",10
2,"[348, 352]",1.245
2,"[87, 293]",1.398
2,"[87, 222]",1.422
2,"[95, 427]",1.503
2,"[53, 73]",1.553
2,"[111, 196]",1.875
2,"[94, 421]",2.009
2,"[71, 222]",2.114
2,"[181, 309]",2.139
2,"[17, 223]",2.2
2,"[293, 386]",2.227
2,"[158, 348]",2.235
2,"[17, 142]",2.239
2,"[195, 437]",2.244
2,"[407, 431]",2.267
2,"[75, 303]",2.28
2,"[90, 157]",2.384
2,"[101, 385]",2.412
2,"[64, 118]",2.415
2,"[21, 366]",2.461
2,"[177, 366]",2.468
2,"[320, 416]",2.49
2,"[42, 366]",2.512
2,"[231, 359]",2.519
2,"[101, 104]",2.553
2,"[176, 224]",2.903
2,"[74, 181]",3.059
2,"[38, 353]",3.136
2,"[168, 309]",3.454
2,"[205, 249]",3.647
2,"[5, 90]",3.775
2,"[16, 396]",4.055
3,"[238, 352]",1.02
3,"[348, 352]",1.245
3,"[87, 293]",1.398
3,"[87, 222]",1.422
3,"[87, 373]",1.462
3,"[95, 427]",1.503
3,"[53, 73]",1.553
3,"[111, 196]",1.875
3,"[94, 421]",2.009
3,"[118, 293]",2.104
3,"[90, 431]",2.105
3,"[71, 222]",2.114
3,"[181, 309]",2.139
3,"[13, 74]",2.157
3,"[119, 223]",2.161
3,"[33, 157]",2.185
3,"[17, 223]",2.2
3,"[293, 386]",2.227
3,"[158, 348]",2.235
3,"[17, 142]",2.239
3,"[195, 437]",2.244
3,"[407, 431]",2.267
3,"[75, 303]",2.28
3,"[90, 378]",2.634
3,"[179, 224]",2.677
3,"[87, 281]",2.791
3,"[375, 437]",2.864
3,"[93, 309]",3.553
3,"[16, 283]",3.745
3,"[16, 231]",3.879
3,"[5, 193]",4.391
3,"[24, 293]",10
4,"[187, 378]",0.835
4,"[238, 352]",1.02
4,"[113, 378]",1.087
4,"[348, 352]",1.245
4,"[87, 293]",1.398
4,"[87, 222]",1.422
4,"[87, 373]",1.462
4,"[74, 87]",1.478
4,"[95, 427]",1.503
4,"[53, 73]",1.553
4,"[111, 196]",1.875
4,"[94, 421]",2.009
4,"[123, 223]",2.052
4,"[118, 293]",2.104
4,"[90, 431]",2.105
4,"[71, 222]",2.114
4,"[181, 309]",2.139
4,"[13, 74]",2.157
4,"[119, 223]",2.161
4,"[33, 157]",2.185
4,"[71, 73]",2.219
4,"[118, 437]",2.246
4,"[74, 93]",2.435
4,"[33, 348]",2.486
4,"[18, 224]",2.602
4,"[157, 379]",2.622
4,"[16, 29]",2.754
4,"[93, 281]",2.823
4,"[5, 298]",2.982
4,"[5, 52]",3.172
4,"[351, 431]",10
4,"[134, 281]",10
5,"[187, 378]",0.835
5,"[352, 358]",0.987
5,"[238, 352]",1.02
5,"[113, 378]",1.087
5,"[348, 352]",1.245
5,"[87, 293]",1.398
5,"[87, 222]",1.422
5,"[87, 373]",1.462
5,"[74, 87]",1.478
5,"[87, 196]",1.491
5,"[95, 427]",1.503
5,"[53, 73]",1.553
5,"[111, 196]",1.875
5,"[94, 421]",2.009
5,"[123, 223]",2.052
5,"[118, 293]",2.104
5,"[90, 431]",2.105
5,"[74, 351]",2.114
5,"[71, 222]",2.114
5,"[52, 238]",2.267
5,"[293, 354]",2.289
5,"[123, 154]",2.315
5,"[29, 348]",2.32
5,"[11, 223]",2.37
5,"[52, 430]",2.448
5,"[87, 431]",2.483
5,"[33, 226]",2.674
5,"[166, 309]",2.799
5,"[187, 190]",3.384
5,"[16, 437]",3.795
5,"[5, 226]",10
5,"[40, 134]",10
6,"[352, 378]",0.041
6,"[187, 378]",0.835
6,"[187, 352]",0.916
6,"[352, 358]",0.987
6,"[238, 352]",1.02
6,"[113, 378]",1.087
6,"[348, 352]",1.245
6,"[87, 293]",1.398
6,"[87, 222]",1.422
6,"[87, 373]",1.462
6,"[74, 87]",1.478
6,"[87, 196]",1.491
6,"[95, 427]",1.503
6,"[87, 87]",1.524
6,"[53, 73]",1.553
6,"[111, 196]",1.875
6,"[352, 373]",1.891
6,"[94, 421]",2.009
6,"[123, 223]",2.052
6,"[11, 73]",2.065
6,"[118, 293]",2.104
6,"[95, 172]",2.109
6,"[223, 418]",2.281
6,"[206, 238]",2.418
6,"[67, 196]",2.513
6,"[115, 431]",2.578
6,"[161, 354]",2.676
6,"[115, 358]",2.97
6,"[94, 378]",3.044
6,"[83, 348]",3.388
6,"[187, 215]",4.287
6,"[38, 187]",4.438
7,"[352, 378]",0.041
7,"[293, 374]",0.448
7,"[187, 378]",0.835
7,"[187, 352]",0.916
7,"[352, 358]",0.987
7,"[238, 352]",1.02
7,"[113, 378]",1.087
7,"[348, 352]",1.245
7,"[352, 435]",1.306
7,"[87, 293]",1.398
7,"[87, 222]",1.422
7,"[87, 373]",1.462
7,"[223, 352]",1.475
7,"[74, 87]",1.478
7,"[87, 196]",1.491
7,"[95, 427]",1.503
7,"[87, 87]",1.524
7,"[53, 73]",1.553
7,"[237, 373]",1.559
7,"[187, 421]",1.694
7,"[111, 196]",1.875
7,"[206, 293]",2.2
7,"[373, 402]",2.284
7,"[73, 320]",2.284
7,"[187, 293]",2.344
7,"[172, 221]",2.401
7,"[11, 215]",2.692
7,"[187, 238]",2.778
7,"[56, 87]",2.788
7,"[187, 358]",2.846
7,"[38, 267]",3.485
7,"[53, 187]",3.805
8,"[352, 378]",0.041
8,"[293, 374]",0.448
8,"[273, 352]",0.764
8,"[187, 378]",0.835
8,"[187, 352]",0.916
8,"[352, 358]",0.987
8,"[238, 352]",1.02
8,"[113, 378]",1.087
8,"[348, 352]",1.245
8,"[352, 435]",1.306
8,"[87, 293]",1.398
8,"[87, 222]",1.422
8,"[87, 373]",1.462
8,"[223, 352]",1.475
8,"[74, 87]",1.478
8,"[87, 196]",1.491
8,"[95, 427]",1.503
8,"[295, 352]",1.534
8,"[87, 111]",1.596
8,"[21, 352]",1.671
8,"[219, 421]",2.015
8,"[73, 358]",2.107
8,"[73, 378]",2.242
8,"[293, 376]",2.285
8,"[400, 402]",2.548
8,"[93, 238]",2.608
8,"[43, 402]",2.785
8,"[87, 107]",2.825
8,"[87, 399]",2.825
8,"[87, 148]",2.903
8,"[358, 371]",3.234
8,"[38, 338]",3.974
9,"[352, 378]",0.041
9,"[293, 374]",0.448
9,"[273, 352]",0.764
9,"[187, 378]",0.835
9,"[187, 352]",0.916
9,"[38, 352]",0.961
9,"[352, 358]",0.987
9,"[378, 400]",1.018
9,"[238, 352]",1.02
9,"[128, 402]",1.067
9,"[113, 378]",1.087
9,"[295, 378]",1.159
9,"[348, 352]",1.245
9,"[352, 435]",1.306
9,"[87, 293]",1.398
9,"[87, 222]",1.422
9,"[263, 273]",1.431
9,"[87, 373]",1.462
9,"[223, 352]",1.475
9,"[74, 87]",1.478
9,"[87, 196]",1.491
9,"[111, 187]",1.611
9,"[73, 132]",2.039
9,"[73, 196]",2.045
9,"[87, 378]",2.396
9,"[359, 373]",2.436
9,"[21, 148]",2.51
9,"[38, 376]",2.572
9,"[248, 378]",2.747
9,"[74, 371]",2.931
9,"[87, 252]",3.065
9,"[113, 352]",10
10,"[352, 378]",0.041
10,"[293, 374]",0.448
10,"[273, 352]",0.764
10,"[187, 378]",0.835
10,"[187, 352]",0.916
10,"[333, 352]",0.96
10,"[38, 352]",0.961
10,"[352, 358]",0.987
10,"[378, 400]",1.018
10,"[238, 352]",1.02
10,"[128, 402]",1.067
10,"[113, 378]",1.087
10,"[295, 378]",1.159
10,"[348, 352]",1.245
10,"[261, 378]",1.254
10,"[352, 435]",1.306
10,"[87, 293]",1.398
10,"[87, 222]",1.422
10,"[79, 263]",1.801
10,"[73, 157]",1.91
10,"[226, 263]",2.069
10,"[196, 257]",2.144
10,"[73, 87]",2.193
10,"[73, 378]",2.242
10,"[177, 402]",2.363
10,"[196, 248]",2.447
10,"[148, 215]",2.488
10,"[358, 359]",2.567
10,"[128, 177]",2.583
10,"[87, 153]",2.654
10,"[101, 435]",2.702
10,"[196, 295]",2.82
11,"[352, 378]",0.041
11,"[293, 374]",0.448
11,"[261, 352]",0.761
11,"[273, 352]",0.764
11,"[187, 378]",0.835
11,"[187, 352]",0.916
11,"[333, 352]",0.96
11,"[38, 352]",0.961
11,"[352, 358]",0.987
11,"[241, 352]",0.989
11,"[378, 400]",1.018
11,"[238, 352]",1.02
11,"[128, 402]",1.067
11,"[113, 378]",1.087
11,"[262, 352]",1.098
11,"[295, 378]",1.159
11,"[348, 352]",1.245
11,"[261, 378]",1.254
11,"[352, 435]",1.306
11,"[295, 352]",1.534
11,"[73, 263]",1.779
11,"[108, 352]",1.806
11,"[73, 177]",1.812
11,"[72, 293]",1.928
11,"[73, 158]",2.196
11,"[238, 328]",2.618
11,"[118, 378]",2.704
11,"[216, 257]",2.743
11,"[333, 392]",3.218
11,"[196, 336]",3.367
11,"[295, 371]",3.628
11,"[226, 334]",4.096
12,"[352, 378]",0.041
12,"[293, 374]",0.448
12,"[261, 352]",0.761
12,"[273, 352]",0.764
12,"[72, 352]",0.78
12,"[187, 378]",0.835
12,"[187, 352]",0.916
12,"[333, 352]",0.96
12,"[38, 352]",0.961
12,"[352, 358]",0.987
12,"[241, 352]",0.989
12,"[378, 400]",1.018
12,"[238, 352]",1.02
12,"[128, 402]",1.067
12,"[113, 378]",1.087
12,"[262, 352]",1.098
12,"[239, 352]",1.103
12,"[295, 378]",1.159
12,"[12, 352]",1.188
12,"[196, 352]",1.266
12,"[128, 378]",1.909
12,"[73, 83]",1.958
12,"[400, 409]",1.963
12,"[73, 355]",2.022
12,"[263, 350]",2.129
12,"[352, 353]",2.188
12,"[348, 378]",2.626
12,"[101, 435]",2.702
12,"[61, 238]",2.864
12,"[333, 437]",2.915
12,"[75, 261]",3.031
12,"[261, 395]",4.226
13,"[352, 378]",0.041
13,"[293, 374]",0.448
13,"[261, 352]",0.761
13,"[273, 352]",0.764
13,"[72, 352]",0.78
13,"[187, 378]",0.835
13,"[187, 352]",0.916
13,"[333, 352]",0.96
13,"[38, 352]",0.961
13,"[352, 358]",0.987
13,"[241, 352]",0.989
13,"[125, 378]",1.005
13,"[378, 400]",1.018
13,"[238, 352]",1.02
13,"[128, 402]",1.067
13,"[94, 352]",1.075
13,"[338, 352]",1.079
13,"[113, 378]",1.087
13,"[262, 352]",1.098
13,"[352, 400]",1.124
13,"[261, 378]",1.254
13,"[265, 435]",2.543
13,"[370, 400]",2.729
13,"[110, 128]",2.768
13,"[353, 445]",2.821
13,"[113, 295]",2.926
13,"[348, 350]",3.017
13,"[101, 348]",3.161
13,"[261, 425]",3.994
13,"[113, 352]",10
13,"[352, 421]",10
13,"[51, 273]",10
14,"[352, 378]",0.041
14,"[293, 374]",0.448
14,"[261, 352]",0.761
14,"[273, 352]",0.764
14,"[72, 352]",0.78
14,"[187, 378]",0.835
14,"[187, 352]",0.916
14,"[333, 352]",0.96
14,"[38, 352]",0.961
14,"[352, 358]",0.987
14,"[241, 352]",0.989
14,"[125, 378]",1.005
14,"[378, 400]",1.018
14,"[238, 352]",1.02
14,"[352, 382]",1.027
14,"[128, 402]",1.067
14,"[94, 352]",1.075
14,"[333, 421]",1.937
14,"[175, 421]",1.983
14,"[352, 353]",2.188
14,"[113, 128]",2.332
14,"[187, 264]",2.625
14,"[262, 400]",2.688
14,"[69, 265]",2.847
14,"[212, 348]",3.051
14,"[261, 425]",3.994
14,"[261, 400]",4.116
14,"[6, 425]",4.459
14,"[130, 187]",10
14,"[85, 352]",10
14,"[38, 374]",10
14,"[51, 182]",10
15,"[352, 378]",0.041
15,"[352, 374]",0.299
15,"[293, 374]",0.448
15,"[261, 352]",0.761
15,"[273, 352]",0.764
15,"[72, 352]",0.78
15,"[187, 378]",0.835
15,"[187, 352]",0.916
15,"[333, 352]",0.96
15,"[38, 352]",0.961
15,"[352, 358]",0.987
15,"[241, 352]",0.989
15,"[125, 378]",1.005
15,"[225, 352]",1.016
15,"[378, 400]",1.018
15,"[238, 352]",1.02
15,"[352, 382]",1.027
15,"[128, 402]",1.067
15,"[94, 352]",1.075
15,"[378, 425]",1.126
15,"[306, 352]",1.211
15,"[69, 418]",1.491
15,"[6, 69]",1.568
15,"[421, 424]",1.894
15,"[72, 105]",2.252
15,"[212, 402]",2.405
15,"[125, 358]",2.484
15,"[356, 400]",2.577
15,"[268, 382]",2.842
15,"[228, 352]",2.869
15,"[114, 238]",3.048
15,"[251, 425]",3.892
16,"[352, 378]",0.041
16,"[352, 374]",0.299
16,"[293, 374]",0.448
16,"[261, 352]",0.761
16,"[273, 352]",0.764
16,"[72, 352]",0.78
16,"[187, 378]",0.835
16,"[187, 352]",0.916
16,"[333, 352]",0.96
16,"[38, 352]",0.961
16,"[254, 378]",0.961
16,"[352, 358]",0.987
16,"[241, 352]",0.989
16,"[125, 378]",1.005
16,"[225, 352]",1.016
16,"[378, 400]",1.018
16,"[238, 352]",1.02
16,"[352, 400]",1.124
16,"[378, 396]",1.163
16,"[212, 352]",1.42
16,"[69, 246]",1.46
16,"[251, 352]",1.479
16,"[69, 145]",1.755
16,"[271, 400]",2.204
16,"[215, 424]",2.224
16,"[36, 418]",2.304
16,"[108, 378]",2.619
16,"[94, 148]",2.863
16,"[34, 333]",2.876
16,"[117, 273]",3.093
16,"[26, 358]",3.157
16,"[241, 370]",10
17,"[352, 378]",0.041
17,"[352, 374]",0.299
17,"[293, 374]",0.448
17,"[352, 431]",0.457
17,"[155, 352]",0.731
17,"[261, 352]",0.761
17,"[273, 352]",0.764
17,"[72, 352]",0.78
17,"[187, 378]",0.835
17,"[187, 352]",0.916
17,"[333, 352]",0.96
17,"[38, 352]",0.961
17,"[254, 378]",0.961
17,"[352, 358]",0.987
17,"[241, 352]",0.989
17,"[184, 352]",0.999
17,"[125, 378]",1.005
17,"[225, 352]",1.016
17,"[378, 400]",1.018
17,"[5, 352]",1.14
17,"[271, 443]",2.081
17,"[93, 125]",2.359
17,"[293, 408]",2.385
17,"[108, 148]",2.472
17,"[345, 400]",2.751
17,"[76, 400]",2.846
17,"[12, 26]",3.235
17,"[130, 145]",3.274
17,"[225, 280]",3.787
17,"[22, 374]",10
17,"[333, 374]",10
17,"[225, 374]",10
18,"[352, 378]",0.041
18,"[352, 374]",0.299
18,"[293, 374]",0.448
18,"[352, 431]",0.457
18,"[155, 352]",0.731
18,"[261, 352]",0.761
18,"[273, 352]",0.764
18,"[72, 352]",0.78
18,"[187, 378]",0.835
18,"[187, 352]",0.916
18,"[333, 352]",0.96
18,"[38, 352]",0.961
18,"[254, 378]",0.961
18,"[352, 358]",0.987
18,"[241, 352]",0.989
18,"[184, 352]",0.999
18,"[4, 352]",0.999
18,"[205, 352]",1.044
18,"[27, 400]",1.144
18,"[352, 399]",1.202
18,"[352, 352]",1.364
18,"[289, 352]",2.049
18,"[286, 352]",2.371
18,"[293, 381]",2.373
18,"[302, 333]",2.397
18,"[178, 184]",2.499
18,"[188, 400]",2.589
18,"[34, 125]",2.599
18,"[93, 329]",2.992
18,"[148, 261]",3.002
18,"[378, 410]",3.047
18,"[100, 273]",3.543
19,"[352, 378]",0.041
19,"[286, 374]",0.118
19,"[34, 374]",0.26
19,"[352, 374]",0.299
19,"[293, 374]",0.448
19,"[352, 431]",0.457
19,"[155, 352]",0.731
19,"[261, 352]",0.761
19,"[273, 352]",0.764
19,"[72, 352]",0.78
19,"[187, 378]",0.835
19,"[187, 352]",0.916
19,"[333, 352]",0.96
19,"[38, 352]",0.961
19,"[254, 378]",0.961
19,"[352, 358]",0.987
19,"[241, 352]",0.989
19,"[4, 352]",0.999
19,"[184, 352]",0.999
19,"[148, 352]",1.705
19,"[188, 337]",1.911
19,"[171, 184]",2.119
19,"[188, 399]",2.298
19,"[188, 248]",2.302
19,"[84, 187]",2.573
19,"[378, 428]",2.658
19,"[241, 378]",2.764
19,"[254, 381]",2.874
19,"[184, 400]",3.004
19,"[187, 247]",3.24
19,"[85, 261]",3.473
19,"[16, 93]",3.972
20,"[352, 378]",0.041
20,"[286, 374]",0.118
20,"[34, 374]",0.26
20,"[352, 374]",0.299
20,"[293, 374]",0.448
20,"[352, 431]",0.457
20,"[155, 352]",0.731
20,"[261, 352]",0.761
20,"[273, 352]",0.764
20,"[72, 352]",0.78
20,"[187, 378]",0.835
20,"[187, 352]",0.916
20,"[333, 352]",0.96
20,"[38, 352]",0.961
20,"[254, 378]",0.961
20,"[352, 358]",0.987
20,"[241, 352]",0.989
20,"[319, 352]",1.04
20,"[352, 390]",1.098
20,"[231, 352]",1.302
20,"[203, 358]",2.237
20,"[187, 204]",2.5
20,"[358, 366]",2.561
20,"[248, 254]",2.647
20,"[184, 333]",2.825
20,"[23, 93]",3.168
20,"[187, 192]",3.336
20,"[184, 392]",3.449
20,"[28, 155]",4.033
20,"[241, 288]",10
20,"[287, 374]",10
20,"[254, 374]",10
21,"[352, 378]",0.041
21,"[286, 374]",0.118
21,"[34, 374]",0.26
21,"[352, 374]",0.299
21,"[293, 374]",0.448
21,"[352, 431]",0.457
21,"[155, 352]",0.731
21,"[261, 352]",0.761
21,"[273, 352]",0.764
21,"[72, 352]",0.78
21,"[187, 378]",0.835
21,"[187, 352]",0.916
21,"[67, 352]",0.957
21,"[333, 352]",0.96
21,"[38, 352]",0.961
21,"[254, 378]",0.961
21,"[352, 358]",0.987
21,"[184, 352]",0.999
21,"[232, 352]",1.359
21,"[80, 352]",1.64
21,"[231, 288]",2.268
21,"[287, 352]",2.286
21,"[356, 378]",2.657
21,"[206, 254]",2.761
21,"[187, 197]",2.799
21,"[187, 248]",2.821
21,"[38, 366]",3.532
21,"[216, 241]",3.898
21,"[155, 184]",4.211
21,"[23, 241]",10
21,"[374, 399]",10
21,"[241, 431]",10
22,"[352, 378]",0.041
22,"[286, 374]",0.118
22,"[34, 374]",0.26
22,"[352, 374]",0.299
22,"[293, 374]",0.448
22,"[352, 431]",0.457
22,"[155, 352]",0.731
22,"[316, 378]",0.739
22,"[261, 352]",0.761
22,"[273, 352]",0.764
22,"[72, 352]",0.78
22,"[187, 378]",0.835
22,"[187, 352]",0.916
22,"[67, 352]",0.957
22,"[333, 352]",0.96
22,"[254, 378]",0.961
22,"[38, 352]",0.961
22,"[206, 378]",0.975
22,"[206, 352]",1.127
22,"[12, 352]",1.188
22,"[352, 352]",1.364
22,"[212, 374]",2.294
22,"[197, 352]",2.328
22,"[187, 431]",2.345
22,"[248, 293]",2.405
22,"[110, 184]",2.64
22,"[254, 326]",2.948
22,"[232, 309]",2.957
22,"[23, 113]",3.005
22,"[241, 434]",3.579
22,"[184, 346]",3.66
22,"[38, 272]",4.697
23,"[352, 378]",0.041
23,"[286, 374]",0.118
23,"[34, 374]",0.26
23,"[352, 374]",0.299
23,"[293, 374]",0.448
23,"[352, 431]",0.457
23,"[155, 352]",0.731
23,"[316, 378]",0.739
23,"[261, 352]",0.761
23,"[273, 352]",0.764
23,"[72, 352]",0.78
23,"[187, 378]",0.835
23,"[187, 352]",0.916
23,"[143, 309]",0.942
23,"[67, 352]",0.957
23,"[333, 352]",0.96
23,"[254, 378]",0.961
23,"[352, 358]",0.987
23,"[149, 374]",1.323
23,"[352, 352]",1.364
23,"[158, 206]",2.05
23,"[172, 254]",2.62
23,"[38, 424]",3.241
23,"[162, 346]",3.534
23,"[47, 346]",3.576
23,"[169, 309]",3.592
23,"[187, 272]",3.675
23,"[47, 309]",3.692
23,"[196, 241]",3.693
23,"[352, 392]",10
23,"[38, 374]",10
23,"[257, 352]",10
24,"[352, 378]",0.041
24,"[286, 374]",0.118
24,"[34, 374]",0.26
24,"[352, 374]",0.299
24,"[293, 374]",0.448
24,"[352, 431]",0.457
24,"[155, 352]",0.731
24,"[316, 378]",0.739
24,"[261, 352]",0.761
24,"[273, 352]",0.764
24,"[72, 352]",0.78
24,"[187, 378]",0.835
24,"[187, 352]",0.916
24,"[143, 309]",0.942
24,"[67, 352]",0.957
24,"[333, 352]",0.96
24,"[63, 352]",1.088
24,"[309, 409]",1.167
24,"[219, 352]",1.19
24,"[143, 358]",1.986
24,"[286, 352]",2.371
24,"[204, 333]",2.417
24,"[270, 378]",2.503
24,"[300, 378]",2.515
24,"[261, 309]",2.536
24,"[187, 369]",2.823
24,"[34, 272]",3.118
24,"[150, 187]",3.316
24,"[149, 272]",3.512
24,"[241, 371]",10
24,"[192, 374]",10
24,"[128, 374]",10
25,"[352, 378]",0.041
25,"[286, 374]",0.118
25,"[34, 374]",0.26
25,"[352, 374]",0.299
25,"[293, 374]",0.448
25,"[352, 431]",0.457
25,"[155, 352]",0.731
25,"[316, 378]",0.739
25,"[261, 352]",0.761
25,"[273, 352]",0.764
25,"[72, 352]",0.78
25,"[187, 378]",0.835
25,"[34, 352]",0.873
25,"[187, 352]",0.916
25,"[28, 378]",0.926
25,"[143, 309]",0.942
25,"[67, 352]",0.957
25,"[333, 352]",0.96
25,"[161, 352]",1.084
25,"[143, 352]",1.099
25,"[72, 378]",1.142
25,"[230, 309]",1.281
25,"[187, 230]",1.55
25,"[286, 369]",1.868
25,"[63, 147]",2.218
25,"[73, 378]",2.242
25,"[143, 294]",2.267
25,"[149, 420]",2.43
25,"[149, 232]",2.889
25,"[309, 321]",3.398
25,"[155, 374]",10
25,"[143, 374]",10
26,"[352, 378]",0.041
26,"[286, 374]",0.118
26,"[34, 374]",0.26
26,"[205, 374]",0.267
26,"[352, 374]",0.299
26,"[293, 374]",0.448
26,"[352, 431]",0.457
26,"[155, 352]",0.731
26,"[316, 378]",0.739
26,"[261, 352]",0.761
26,"[273, 352]",0.764
26,"[72, 352]",0.78
26,"[187, 378]",0.835
26,"[34, 352]",0.873
26,"[187, 352]",0.916
26,"[28, 378]",0.926
26,"[143, 309]",0.942
26,"[143, 352]",1.099
26,"[232, 302]",1.373
26,"[230, 428]",1.722
26,"[143, 394]",1.828
26,"[72, 131]",2.002
26,"[34, 199]",2.285
26,"[261, 431]",2.396
26,"[187, 374]",2.447
26,"[293, 378]",2.521
26,"[63, 305]",2.696
26,"[266, 293]",2.736
26,"[56, 187]",2.941
26,"[183, 309]",2.983
26,"[144, 149]",3.643
26,"[34, 321]",3.916
27,"[352, 378]",0.041
27,"[286, 374]",0.118
27,"[34, 374]",0.26
27,"[205, 374]",0.267
27,"[352, 374]",0.299
27,"[293, 374]",0.448
27,"[352, 431]",0.457
27,"[261, 374]",0.487
27,"[155, 352]",0.731
27,"[316, 378]",0.739
27,"[261, 352]",0.761
27,"[273, 352]",0.764
27,"[72, 352]",0.78
27,"[290, 378]",0.797
27,"[187, 378]",0.835
27,"[34, 378]",0.863
27,"[34, 352]",0.873
27,"[187, 352]",0.916
27,"[28, 378]",0.926
27,"[261, 378]",1.254
27,"[230, 301]",1.776
27,"[143, 229]",1.838
27,"[273, 308]",1.968
27,"[131, 316]",2.255
27,"[53, 199]",2.468
27,"[34, 40]",3.316
27,"[143, 161]",3.351
27,"[34, 294]",3.53
27,"[143, 150]",3.627
27,"[187, 309]",3.84
27,"[144, 256]",4.233
27,"[374, 378]",10
28,"[352, 378]",0.041
28,"[286, 374]",0.118
28,"[34, 374]",0.26
28,"[205, 374]",0.267
28,"[352, 374]",0.299
28,"[199, 374]",0.3
28,"[293, 374]",0.448
28,"[352, 431]",0.457
28,"[261, 374]",0.487
28,"[273, 378]",0.72
28,"[155, 352]",0.731
28,"[316, 378]",0.739
28,"[261, 352]",0.761
28,"[273, 352]",0.764
28,"[72, 352]",0.78
28,"[352, 430]",0.786
28,"[290, 378]",0.797
28,"[53, 374]",0.82
28,"[187, 378]",0.835
28,"[34, 378]",0.863
28,"[66, 352]",0.939
28,"[62, 352]",0.954
28,"[261, 378]",1.254
28,"[103, 143]",1.992
28,"[171, 374]",2.137
28,"[279, 378]",2.297
28,"[34, 268]",2.7
28,"[1, 150]",2.878
28,"[192, 261]",2.944
28,"[34, 164]",3.163
28,"[28, 279]",3.68
28,"[239, 273]",3.754
29,"[352, 378]",0.041
29,"[286, 374]",0.118
29,"[34, 374]",0.26
29,"[205, 374]",0.267
29,"[352, 374]",0.299
29,"[199, 374]",0.3
29,"[293, 374]",0.448
29,"[352, 431]",0.457
29,"[261, 374]",0.487
29,"[273, 378]",0.72
29,"[155, 352]",0.731
29,"[316, 378]",0.739
29,"[261, 352]",0.761
29,"[273, 352]",0.764
29,"[72, 352]",0.78
29,"[352, 430]",0.786
29,"[239, 378]",0.824
29,"[290, 352]",0.87
29,"[193, 378]",0.909
29,"[53, 378]",1.32
29,"[34, 423]",2.319
29,"[34, 54]",2.573
29,"[232, 378]",2.658
29,"[34, 301]",3.027
29,"[34, 164]",3.163
29,"[273, 329]",3.602
29,"[34, 261]",3.612
29,"[273, 299]",4.092
29,"[193, 316]",4.172
29,"[155, 374]",10
29,"[279, 374]",10
29,"[1, 374]",10
30,"[352, 378]",0.041
30,"[286, 374]",0.118
30,"[34, 374]",0.26
30,"[205, 374]",0.267
30,"[352, 374]",0.299
30,"[199, 374]",0.3
30,"[370, 374]",0.319
30,"[293, 374]",0.448
30,"[352, 431]",0.457
30,"[261, 374]",0.487
30,"[273, 378]",0.72
30,"[155, 352]",0.731
30,"[316, 378]",0.739
30,"[261, 352]",0.761
30,"[273, 352]",0.764
30,"[72, 352]",0.78
30,"[352, 430]",0.786
30,"[11, 378]",0.801
30,"[34, 378]",0.863
30,"[378, 384]",2.22
30,"[254, 431]",2.28
30,"[273, 423]",2.422
30,"[232, 382]",2.539
30,"[54, 238]",2.632
30,"[129, 301]",2.856
30,"[219, 239]",2.917
30,"[204, 299]",2.95
30,"[34, 301]",3.027
30,"[329, 371]",3.621
30,"[53, 338]",3.883
30,"[374, 378]",10
30,"[269, 374]",10
31,"[352, 378]",0.041
31,"[286, 374]",0.118
31,"[34, 374]",0.26
31,"[205, 374]",0.267
31,"[352, 374]",0.299
31,"[199, 374]",0.3
31,"[370, 374]",0.319
31,"[293, 374]",0.448
31,"[352, 431]",0.457
31,"[261, 374]",0.487
31,"[273, 378]",0.72
31,"[155, 352]",0.731
31,"[316, 378]",0.739
31,"[301, 378]",0.744
31,"[261, 352]",0.761
31,"[273, 352]",0.764
31,"[72, 352]",0.78
31,"[134, 378]",1.176
31,"[232, 352]",1.359
31,"[80, 352]",1.64
31,"[153, 352]",2.118
31,"[125, 423]",2.198
31,"[258, 371]",2.31
31,"[350, 431]",2.359
31,"[179, 378]",2.544
31,"[269, 411]",2.934
31,"[32, 384]",3.281
31,"[34, 135]",3.764
31,"[246, 273]",3.849
31,"[155, 236]",4.165
31,"[261, 430]",4.212
31,"[80, 374]",10
32,"[352, 378]",0.041
32,"[286, 374]",0.118
32,"[34, 374]",0.26
32,"[205, 374]",0.267
32,"[352, 374]",0.299
32,"[199, 374]",0.3
32,"[370, 374]",0.319
32,"[293, 374]",0.448
32,"[352, 431]",0.457
32,"[261, 374]",0.487
32,"[273, 378]",0.72
32,"[155, 352]",0.731
32,"[316, 378]",0.739
32,"[301, 378]",0.744
32,"[261, 352]",0.761
32,"[134, 352]",0.764
32,"[273, 352]",0.764
32,"[330, 378]",0.794
32,"[273, 374]",1.285
32,"[91, 269]",2.106
32,"[158, 261]",2.205
32,"[248, 352]",2.254
32,"[285, 430]",2.545
32,"[236, 350]",2.609
32,"[236, 247]",2.752
32,"[66, 258]",2.879
32,"[106, 374]",3.251
32,"[273, 345]",3.527
32,"[224, 371]",3.793
32,"[205, 431]",4.834
32,"[16, 273]",10
32,"[80, 374]",10
33,"[352, 378]",0.041
33,"[286, 374]",0.118
33,"[34, 374]",0.26
33,"[205, 374]",0.267
33,"[352, 374]",0.299
33,"[199, 374]",0.3
33,"[370, 374]",0.319
33,"[293, 374]",0.448
33,"[352, 431]",0.457
33,"[261, 374]",0.487
33,"[273, 378]",0.72
33,"[155, 352]",0.731
33,"[316, 378]",0.739
33,"[301, 378]",0.744
33,"[261, 352]",0.761
33,"[134, 352]",0.764
33,"[330, 378]",0.794
33,"[369, 378]",0.886
33,"[236, 378]",0.957
33,"[91, 261]",1.631
33,"[248, 427]",1.779
33,"[256, 374]",2.142
33,"[34, 431]",2.283
33,"[155, 431]",2.489
33,"[12, 80]",2.516
33,"[247, 358]",2.661
33,"[268, 301]",2.707
33,"[224, 378]",2.818
33,"[273, 347]",3.264
33,"[245, 247]",3.322
33,"[273, 292]",3.343
33,"[247, 273]",3.762
34,"[352, 378]",0.041
34,"[286, 374]",0.118
34,"[34, 374]",0.26
34,"[205, 374]",0.267
34,"[352, 374]",0.299
34,"[199, 374]",0.3
34,"[370, 374]",0.319
34,"[293, 374]",0.448
34,"[352, 431]",0.457
34,"[261, 374]",0.487
34,"[273, 378]",0.72
34,"[155, 352]",0.731
34,"[316, 378]",0.739
34,"[301, 378]",0.744
34,"[261, 352]",0.761
34,"[134, 352]",0.764
34,"[304, 378]",0.886
34,"[31, 352]",0.945
34,"[261, 378]",1.254
34,"[352, 359]",1.278
34,"[273, 374]",1.285
34,"[91, 208]",1.728
34,"[236, 337]",2.115
34,"[268, 419]",2.408
34,"[80, 364]",2.477
34,"[347, 354]",2.767
34,"[80, 299]",2.96
34,"[247, 367]",3.161
34,"[189, 273]",3.615
34,"[273, 358]",3.885
34,"[273, 301]",3.969
34,"[268, 374]",10
35,"[352, 378]",0.041
35,"[286, 374]",0.118
35,"[34, 374]",0.26
35,"[205, 374]",0.267
35,"[352, 374]",0.299
35,"[199, 374]",0.3
35,"[370, 374]",0.319
35,"[293, 374]",0.448
35,"[352, 431]",0.457
35,"[261, 374]",0.487
35,"[273, 378]",0.72
35,"[155, 352]",0.731
35,"[316, 378]",0.739
35,"[301, 378]",0.744
35,"[261, 352]",0.761
35,"[134, 352]",0.764
35,"[240, 378]",0.783
35,"[296, 352]",0.857
35,"[169, 352]",0.909
35,"[236, 352]",1.006
35,"[31, 374]",1.02
35,"[31, 354]",1.071
35,"[286, 378]",1.754
35,"[144, 337]",1.85
35,"[113, 337]",1.921
35,"[131, 301]",1.94
35,"[183, 419]",2.319
35,"[301, 359]",2.648
35,"[12, 378]",2.745
35,"[301, 370]",2.82
35,"[296, 299]",3.583
35,"[181, 261]",4.556
36,"[352, 378]",0.041
36,"[286, 374]",0.118
36,"[34, 374]",0.26
36,"[205, 374]",0.267
36,"[352, 374]",0.299
36,"[199, 374]",0.3
36,"[370, 374]",0.319
36,"[293, 374]",0.448
36,"[352, 431]",0.457
36,"[261, 374]",0.487
36,"[50, 374]",0.602
36,"[273, 378]",0.72
36,"[155, 352]",0.731
36,"[316, 378]",0.739
36,"[301, 378]",0.744
36,"[261, 352]",0.761
36,"[134, 352]",0.764
36,"[31, 36]",0.817
36,"[221, 378]",0.906
36,"[31, 359]",0.952
36,"[301, 352]",1.034
36,"[316, 352]",1.35
36,"[286, 354]",1.43
36,"[296, 374]",2.184
36,"[175, 431]",2.324
36,"[3, 199]",2.337
36,"[240, 275]",2.399
36,"[359, 385]",2.416
36,"[293, 378]",2.521
36,"[71, 337]",2.547
36,"[182, 316]",10
36,"[240, 374]",10
37,"[108, 374]",0.024
37,"[352, 378]",0.041
37,"[286, 374]",0.118
37,"[34, 374]",0.26
37,"[205, 374]",0.267
37,"[352, 374]",0.299
37,"[199, 374]",0.3
37,"[370, 374]",0.319
37,"[293, 374]",0.448
37,"[352, 431]",0.457
37,"[261, 374]",0.487
37,"[50, 374]",0.602
37,"[273, 378]",0.72
37,"[155, 352]",0.731
37,"[316, 378]",0.739
37,"[301, 378]",0.744
37,"[261, 352]",0.761
37,"[240, 352]",1.016
37,"[128, 352]",1.825
37,"[293, 337]",2.049
37,"[173, 378]",2.209
37,"[86, 378]",2.848
37,"[223, 316]",2.855
37,"[34, 182]",2.898
37,"[210, 354]",3.074
37,"[34, 357]",3.186
37,"[34, 210]",3.29
37,"[26, 370]",3.332
37,"[211, 296]",3.657
37,"[155, 374]",10
37,"[134, 374]",10
37,"[365, 374]",10
38,"[108, 374]",0.024
38,"[352, 378]",0.041
38,"[211, 374]",0.063
38,"[301, 374]",0.11
38,"[286, 374]",0.118
38,"[34, 374]",0.26
38,"[205, 374]",0.267
38,"[352, 374]",0.299
38,"[199, 374]",0.3
38,"[370, 374]",0.319
38,"[293, 374]",0.448
38,"[352, 431]",0.457
38,"[299, 352]",0.469
38,"[261, 374]",0.487
38,"[50, 374]",0.602
38,"[273, 378]",0.72
38,"[155, 352]",0.731
38,"[316, 378]",0.739
38,"[301, 378]",0.744
38,"[155, 378]",0.796
38,"[252, 352]",0.967
38,"[50, 378]",1.612
38,"[199, 414]",1.812
38,"[79, 240]",2.222
38,"[329, 378]",2.755
38,"[191, 354]",2.792
38,"[39, 316]",2.85
38,"[130, 431]",3.033
38,"[216, 261]",3.402
38,"[26, 182]",3.676
38,"[26, 374]",10
38,"[374, 378]",10
39,"[108, 374]",0.024
39,"[352, 378]",0.041
39,"[211, 374]",0.063
39,"[301, 374]",0.11
39,"[286, 374]",0.118
39,"[34, 374]",0.26
39,"[205, 374]",0.267
39,"[352, 374]",0.299
39,"[199, 374]",0.3
39,"[370, 374]",0.319
39,"[293, 374]",0.448
39,"[352, 431]",0.457
39,"[299, 352]",0.469
39,"[261, 374]",0.487
39,"[50, 374]",0.602
39,"[273, 378]",0.72
39,"[304, 374]",1.048
39,"[191, 378]",1.118
39,"[313, 378]",2.142
39,"[322, 378]",2.267
39,"[170, 431]",2.754
39,"[329, 378]",2.755
39,"[199, 261]",2.806
39,"[191, 289]",2.87
39,"[143, 301]",3.232
39,"[205, 330]",3.547
39,"[26, 144]",3.845
39,"[299, 374]",10
39,"[218, 374]",10
39,"[70, 374]",10
39,"[140, 374]",10
39,"[374, 380]",10
40,"[108, 374]",0.024
40,"[352, 378]",0.041
40,"[211, 374]",0.063
40,"[301, 374]",0.11
40,"[286, 374]",0.118
40,"[34, 374]",0.26
40,"[205, 374]",0.267
40,"[352, 374]",0.299
40,"[199, 374]",0.3
40,"[370, 374]",0.319
40,"[293, 374]",0.448
40,"[352, 431]",0.457
40,"[299, 352]",0.469
40,"[261, 374]",0.487
40,"[50, 374]",0.602
40,"[273, 378]",0.72
40,"[304, 351]",1.026
40,"[273, 374]",1.285
40,"[282, 289]",2.065
40,"[165, 380]",2.141
40,"[140, 289]",2.221
40,"[108, 289]",2.33
40,"[248, 374]",2.442
40,"[108, 380]",2.456
40,"[26, 378]",2.654
40,"[301, 343]",3.304
40,"[185, 191]",3.477
40,"[155, 299]",4.296
40,"[282, 304]",4.311
40,"[56, 374]",10
40,"[48, 374]",10
40,"[374, 408]",10
41,"[108, 374]",0.024
41,"[352, 378]",0.041
41,"[211, 374]",0.063
41,"[301, 374]",0.11
41,"[286, 374]",0.118
41,"[34, 374]",0.26
41,"[205, 374]",0.267
41,"[352, 374]",0.299
41,"[199, 374]",0.3
41,"[370, 374]",0.319
41,"[293, 374]",0.448
41,"[352, 431]",0.457
41,"[299, 352]",0.469
41,"[374, 433]",0.472
41,"[261, 374]",0.487
41,"[50, 374]",0.602
41,"[273, 378]",0.72
41,"[301, 378]",0.744
41,"[56, 378]",0.85
41,"[255, 352]",1.059
41,"[374, 383]",1.159
41,"[55, 282]",2.64
41,"[140, 427]",2.742
41,"[378, 413]",2.833
41,"[191, 408]",2.923
41,"[56, 211]",3.127
41,"[191, 348]",3.421
41,"[304, 418]",4.923
41,"[198, 374]",10
41,"[374, 380]",10
41,"[93, 374]",10
41,"[374, 439]",10
42,"[108, 374]",0.024
42,"[352, 378]",0.041
42,"[374, 374]",0.057
42,"[211, 374]",0.063
42,"[263, 374]",0.095
42,"[301, 374]",0.11
42,"[286, 374]",0.118
42,"[34, 374]",0.26
42,"[205, 374]",0.267
42,"[352, 374]",0.299
42,"[199, 374]",0.3
42,"[370, 374]",0.319
42,"[32, 374]",0.41
42,"[293, 374]",0.448
42,"[352, 431]",0.457
42,"[299, 352]",0.469
42,"[374, 433]",0.472
42,"[261, 374]",0.487
42,"[50, 374]",0.602
42,"[142, 374]",0.955
42,"[273, 374]",1.285
42,"[195, 370]",2.129
42,"[123, 282]",2.386
42,"[56, 417]",2.434
42,"[198, 367]",2.488
42,"[56, 370]",2.736
42,"[74, 211]",2.969
42,"[4, 427]",3.129
42,"[84, 261]",3.346
42,"[205, 427]",3.662
42,"[33, 374]",10
42,"[198, 374]",10
43,"[108, 374]",0.024
43,"[352, 378]",0.041
43,"[374, 374]",0.057
43,"[211, 374]",0.063
43,"[263, 374]",0.095
43,"[301, 374]",0.11
43,"[286, 374]",0.118
43,"[34, 374]",0.26
43,"[205, 374]",0.267
43,"[352, 374]",0.299
43,"[199, 374]",0.3
43,"[370, 374]",0.319
43,"[32, 374]",0.41
43,"[293, 374]",0.448
43,"[352, 431]",0.457
43,"[299, 352]",0.469
43,"[358, 427]",1.518
43,"[317, 431]",2.025
43,"[374, 427]",2.071
43,"[2, 367]",2.213
43,"[417, 426]",2.421
43,"[111, 205]",2.436
43,"[312, 374]",2.559
43,"[142, 211]",3.231
43,"[56, 261]",3.308
43,"[60, 299]",4.045
43,"[4, 406]",4.658
43,"[64, 374]",10
43,"[4, 374]",10
43,"[123, 374]",10
43,"[75, 374]",10
43,"[56, 374]",10
44,"[108, 374]",0.024
44,"[352, 378]",0.041
44,"[374, 374]",0.057
44,"[211, 374]",0.063
44,"[263, 374]",0.095
44,"[301, 374]",0.11
44,"[286, 374]",0.118
44,"[34, 374]",0.26
44,"[205, 374]",0.267
44,"[352, 374]",0.299
44,"[199, 374]",0.3
44,"[370, 374]",0.319
44,"[32, 374]",0.41
44,"[293, 374]",0.448
44,"[352, 431]",0.457
44,"[299, 352]",0.469
44,"[352, 407]",1.247
44,"[263, 426]",1.692
44,"[75, 111]",2.086
44,"[312, 431]",2.206
44,"[179, 312]",2.24
44,"[56, 426]",2.345
44,"[384, 417]",2.438
44,"[199, 299]",2.558
44,"[32, 406]",2.613
44,"[395, 431]",2.706
44,"[108, 261]",3.328
44,"[250, 299]",3.894
44,"[56, 374]",10
44,"[112, 374]",10
44,"[198, 374]",10
44,"[102, 374]",10
45,"[108, 374]",0.024
45,"[352, 378]",0.041
45,"[374, 374]",0.057
45,"[211, 374]",0.063
45,"[263, 374]",0.095
45,"[301, 374]",0.11
45,"[286, 374]",0.118
45,"[34, 374]",0.26
45,"[205, 374]",0.267
45,"[352, 374]",0.299
45,"[199, 374]",0.3
45,"[370, 374]",0.319
45,"[32, 374]",0.41
45,"[293, 374]",0.448
45,"[352, 431]",0.457
45,"[299, 352]",0.469
45,"[266, 352]",0.865
45,"[312, 403]",2.017
45,"[92, 102]",2.138
45,"[286, 407]",2.222
45,"[112, 275]",2.411
45,"[312, 374]",2.559
45,"[9, 293]",2.753
45,"[15, 56]",2.785
45,"[32, 299]",2.914
45,"[211, 417]",2.969
45,"[263, 299]",3.844
45,"[374, 379]",10
45,"[56, 374]",10
45,"[366, 374]",10
45,"[251, 374]",10
45,"[46, 374]",10
46,"[108, 374]",0.024
46,"[352, 378]",0.041
46,"[374, 374]",0.057
46,"[211, 374]",0.063
46,"[263, 374]",0.095
46,"[301, 374]",0.11
46,"[286, 374]",0.118
46,"[206, 374]",0.17
46,"[34, 374]",0.26
46,"[205, 374]",0.267
46,"[352, 374]",0.299
46,"[199, 374]",0.3
46,"[370, 374]",0.319
46,"[32, 374]",0.41
46,"[293, 374]",0.448
46,"[352, 431]",0.457
46,"[299, 352]",0.469
46,"[261, 374]",0.487
46,"[188, 352]",0.656
46,"[122, 293]",2.098
46,"[92, 352]",2.153
46,"[39, 56]",2.302
46,"[312, 356]",2.323
46,"[100, 366]",2.338
46,"[26, 352]",2.466
46,"[15, 89]",2.646
46,"[32, 330]",2.95
46,"[299, 360]",3.021
46,"[187, 379]",3.186
46,"[56, 299]",3.202
46,"[299, 374]",10
46,"[299, 310]",10
47,"[108, 374]",0.024
47,"[352, 378]",0.041
47,"[374, 374]",0.057
47,"[211, 374]",0.063
47,"[263, 374]",0.095
47,"[96, 374]",0.101
47,"[301, 374]",0.11
47,"[286, 374]",0.118
47,"[263, 352]",0.135
47,"[206, 374]",0.17
47,"[34, 374]",0.26
47,"[205, 374]",0.267
47,"[352, 374]",0.299
47,"[199, 374]",0.3
47,"[370, 374]",0.319
47,"[32, 374]",0.41
47,"[293, 374]",0.448
47,"[352, 431]",0.457
47,"[188, 352]",0.656
47,"[352, 352]",1.364
47,"[61, 122]",2.127
47,"[39, 367]",2.521
47,"[379, 417]",2.553
47,"[89, 111]",2.577
47,"[286, 305]",2.703
47,"[299, 431]",2.862
47,"[56, 330]",2.879
47,"[42, 299]",3.407
47,"[192, 310]",3.644
47,"[76, 374]",10
47,"[123, 374]",10
47,"[297, 374]",10
48,"[110, 374]",0.014
48,"[108, 374]",0.024
48,"[352, 378]",0.041
48,"[374, 374]",0.057
48,"[211, 374]",0.063
48,"[184, 374]",0.084
48,"[263, 374]",0.095
48,"[96, 374]",0.101
48,"[301, 374]",0.11
48,"[286, 374]",0.118
48,"[263, 352]",0.135
48,"[206, 374]",0.17
48,"[34, 374]",0.26
48,"[205, 374]",0.267
48,"[352, 374]",0.299
48,"[199, 374]",0.3
48,"[370, 374]",0.319
48,"[32, 374]",0.41
48,"[60, 352]",0.996
48,"[111, 201]",2.033
48,"[206, 420]",2.099
48,"[296, 374]",2.184
48,"[244, 297]",2.4
48,"[211, 361]",2.409
48,"[42, 270]",2.506
48,"[205, 415]",3.773
48,"[374, 421]",10
48,"[127, 374]",10
48,"[102, 374]",10
48,"[89, 374]",10
48,"[192, 374]",10
48,"[39, 374]",10
49,"[110, 374]",0.014
49,"[108, 374]",0.024
49,"[352, 378]",0.041
49,"[374, 374]",0.057
49,"[211, 374]",0.063
49,"[184, 374]",0.084
49,"[263, 374]",0.095
49,"[96, 374]",0.101
49,"[301, 374]",0.11
49,"[286, 374]",0.118
49,"[263, 352]",0.135
49,"[206, 374]",0.17
49,"[34, 374]",0.26
49,"[205, 374]",0.267
49,"[352, 374]",0.299
49,"[199, 374]",0.3
49,"[181, 374]",0.313
49,"[111, 378]",1.482
49,"[39, 237]",1.505
49,"[30, 102]",2.05
49,"[211, 409]",2.19
49,"[311, 361]",2.528
49,"[3, 127]",2.682
49,"[297, 440]",2.699
49,"[39, 290]",2.956
49,"[16, 415]",3.836
49,"[67, 205]",4.3
49,"[309, 374]",10
49,"[39, 374]",10
49,"[250, 374]",10
49,"[167, 374]",10
49,"[197, 374]",10
50,"[110, 374]",0.014
50,"[108, 374]",0.024
50,"[352, 378]",0.041
50,"[374, 374]",0.057
50,"[211, 374]",0.063
50,"[184, 374]",0.084
50,"[263, 374]",0.095
50,"[96, 374]",0.101
50,"[301, 374]",0.11
50,"[286, 374]",0.118
50,"[263, 352]",0.135
50,"[206, 374]",0.17
50,"[34, 374]",0.26
50,"[205, 374]",0.267
50,"[352, 374]",0.299
50,"[199, 374]",0.3
50,"[213, 374]",0.328
50,"[290, 374]",0.565
50,"[263, 406]",1.907
50,"[0, 199]",2.126
50,"[206, 429]",2.292
50,"[67, 374]",2.341
50,"[206, 415]",2.393
50,"[127, 369]",2.546
50,"[39, 106]",2.841
50,"[54, 211]",3.105
50,"[211, 415]",3.348
50,"[187, 309]",3.84
50,"[309, 411]",4.11
50,"[374, 399]",10
50,"[197, 374]",10
50,"[189, 374]",10
51,"[110, 374]",0.014
51,"[108, 374]",0.024
51,"[352, 378]",0.041
51,"[374, 374]",0.057
51,"[211, 374]",0.063
51,"[184, 374]",0.084
51,"[263, 374]",0.095
51,"[96, 374]",0.101
51,"[301, 374]",0.11
51,"[286, 374]",0.118
51,"[263, 352]",0.135
51,"[206, 374]",0.17
51,"[34, 374]",0.26
51,"[205, 374]",0.267
51,"[352, 374]",0.299
51,"[199, 374]",0.3
51,"[105, 374]",0.362
51,"[199, 352]",1.099
51,"[243, 352]",1.297
51,"[286, 323]",1.883
51,"[54, 323]",2.102
51,"[66, 263]",2.117
51,"[46, 96]",2.512
51,"[184, 330]",2.689
51,"[96, 406]",2.721
51,"[333, 415]",2.838
51,"[197, 392]",2.99
51,"[377, 415]",3.155
51,"[7, 211]",4.495
51,"[348, 374]",10
51,"[23, 374]",10
51,"[336, 374]",10
52,"[110, 374]",0.014
52,"[108, 374]",0.024
52,"[352, 378]",0.041
52,"[374, 374]",0.057
52,"[211, 374]",0.063
52,"[184, 374]",0.084
52,"[263, 374]",0.095
52,"[96, 374]",0.101
52,"[301, 374]",0.11
52,"[286, 374]",0.118
52,"[263, 352]",0.135
52,"[206, 374]",0.17
52,"[34, 374]",0.26
52,"[205, 374]",0.267
52,"[352, 374]",0.299
52,"[199, 374]",0.3
52,"[28, 374]",0.378
52,"[96, 269]",2.061
52,"[10, 110]",2.088
52,"[206, 285]",2.093
52,"[2, 323]",2.122
52,"[256, 374]",2.142
52,"[206, 328]",2.189
52,"[271, 374]",2.221
52,"[108, 140]",2.46
52,"[211, 376]",2.504
52,"[3, 415]",2.71
52,"[392, 439]",2.893
52,"[200, 333]",3.293
52,"[144, 301]",3.931
52,"[348, 374]",10
52,"[374, 442]",10
53,"[110, 374]",0.014
53,"[108, 374]",0.024
53,"[352, 378]",0.041
53,"[374, 374]",0.057
53,"[211, 374]",0.063
53,"[184, 374]",0.084
53,"[263, 374]",0.095
53,"[96, 374]",0.101
53,"[301, 374]",0.11
53,"[286, 374]",0.118
53,"[263, 352]",0.135
53,"[300, 374]",0.142
53,"[206, 374]",0.17
53,"[34, 374]",0.26
53,"[205, 374]",0.267
53,"[352, 374]",0.299
53,"[199, 374]",0.3
53,"[47, 286]",1.393
53,"[263, 305]",1.742
53,"[30, 352]",1.778
53,"[256, 374]",2.142
53,"[153, 206]",2.165
53,"[3, 41]",2.185
53,"[3, 285]",2.248
53,"[96, 301]",2.301
53,"[228, 285]",2.403
53,"[34, 442]",2.472
53,"[301, 439]",2.649
53,"[110, 213]",2.996
53,"[210, 269]",3.025
53,"[374, 392]",10
53,"[374, 411]",10
54,"[110, 374]",0.014
54,"[108, 374]",0.024
54,"[352, 378]",0.041
54,"[374, 374]",0.057
54,"[211, 374]",0.063
54,"[184, 374]",0.084
54,"[263, 374]",0.095
54,"[96, 374]",0.101
54,"[301, 374]",0.11
54,"[286, 374]",0.118
54,"[263, 352]",0.135
54,"[300, 374]",0.142
54,"[206, 374]",0.17
54,"[34, 374]",0.26
54,"[205, 374]",0.267
54,"[352, 374]",0.299
54,"[304, 374]",1.048
54,"[338, 352]",1.079
54,"[107, 263]",1.824
54,"[96, 285]",2.039
54,"[118, 285]",2.08
54,"[157, 378]",2.239
54,"[56, 96]",2.273
54,"[110, 328]",2.466
54,"[30, 213]",2.53
54,"[34, 42]",2.697
54,"[108, 259]",2.783
54,"[43, 300]",2.952
54,"[206, 344]",3.124
54,"[256, 411]",3.836
54,"[266, 374]",10
54,"[374, 440]",10
55,"[110, 374]",0.014
55,"[108, 374]",0.024
55,"[352, 378]",0.041
55,"[374, 374]",0.057
55,"[211, 374]",0.063
55,"[184, 374]",0.084
55,"[263, 374]",0.095
55,"[96, 374]",0.101
55,"[301, 374]",0.11
55,"[286, 374]",0.118
55,"[263, 352]",0.135
55,"[300, 374]",0.142
55,"[206, 374]",0.17
55,"[34, 374]",0.26
55,"[205, 374]",0.267
55,"[352, 374]",0.299
55,"[205, 378]",1.032
55,"[263, 432]",1.957
55,"[96, 440]",2.049
55,"[42, 423]",2.268
55,"[177, 301]",2.592
55,"[38, 285]",2.595
55,"[63, 108]",2.63
55,"[34, 63]",2.856
55,"[108, 344]",2.991
55,"[211, 359]",3.345
55,"[38, 43]",3.979
55,"[23, 304]",4.169
55,"[15, 374]",10
55,"[17, 374]",10
55,"[374, 388]",10
55,"[72, 374]",10
56,"[110, 374]",0.014
56,"[108, 374]",0.024
56,"[352, 378]",0.041
56,"[374, 374]",0.057
56,"[211, 374]",0.063
56,"[184, 374]",0.084
56,"[263, 374]",0.095
56,"[96, 374]",0.101
56,"[301, 374]",0.11
56,"[286, 374]",0.118
56,"[263, 352]",0.135
56,"[300, 374]",0.142
56,"[206, 374]",0.17
56,"[252, 374]",0.243
56,"[34, 374]",0.26
56,"[205, 374]",0.267
56,"[352, 374]",0.299
56,"[205, 378]",1.032
56,"[313, 432]",1.944
56,"[72, 140]",1.993
56,"[356, 432]",2.187
56,"[37, 359]",2.193
56,"[34, 289]",2.27
56,"[132, 285]",2.332
56,"[135, 374]",2.426
56,"[108, 144]",2.759
56,"[253, 378]",2.773
56,"[63, 211]",3.706
56,"[71, 205]",3.873
56,"[78, 304]",3.88
56,"[63, 374]",10
56,"[22, 374]",10
57,"[110, 374]",0.014
57,"[108, 374]",0.024
57,"[352, 378]",0.041
57,"[374, 374]",0.057
57,"[211, 374]",0.063
57,"[184, 374]",0.084
57,"[263, 374]",0.095
57,"[96, 374]",0.101
57,"[301, 374]",0.11
57,"[286, 374]",0.118
57,"[263, 352]",0.135
57,"[300, 374]",0.142
57,"[206, 374]",0.17
57,"[252, 374]",0.243
57,"[34, 374]",0.26
57,"[205, 374]",0.267
57,"[352, 374]",0.299
57,"[77, 374]",1.05
57,"[72, 362]",1.773
57,"[197, 432]",2.31
57,"[286, 301]",2.616
57,"[63, 173]",2.786
57,"[132, 148]",2.903
57,"[34, 101]",2.923
57,"[211, 286]",3.302
57,"[135, 337]",3.503
57,"[93, 211]",3.724
57,"[62, 205]",4.451
57,"[313, 374]",10
57,"[107, 374]",10
57,"[338, 374]",10
57,"[63, 374]",10
58,"[110, 374]",0.014
58,"[108, 374]",0.024
58,"[352, 378]",0.041
58,"[374, 374]",0.057
58,"[211, 374]",0.063
58,"[184, 374]",0.084
58,"[263, 374]",0.095
58,"[96, 374]",0.101
58,"[301, 374]",0.11
58,"[286, 374]",0.118
58,"[263, 352]",0.135
58,"[300, 374]",0.142
58,"[206, 374]",0.17
58,"[252, 374]",0.243
58,"[34, 374]",0.26
58,"[205, 374]",0.267
58,"[132, 374]",0.767
58,"[352, 354]",1.226
58,"[229, 286]",1.734
58,"[0, 337]",2.111
58,"[141, 286]",2.118
58,"[72, 108]",2.134
58,"[96, 416]",2.287
58,"[148, 269]",2.54
58,"[71, 338]",2.903
58,"[101, 107]",3.117
58,"[46, 301]",3.569
58,"[63, 211]",3.706
58,"[135, 144]",4.123
58,"[66, 338]",4.84
58,"[313, 374]",10
58,"[205, 205]",10
59,"[110, 374]",0.014
59,"[108, 374]",0.024
59,"[352, 378]",0.041
59,"[374, 374]",0.057
59,"[211, 374]",0.063
59,"[184, 374]",0.084
59,"[263, 374]",0.095
59,"[96, 374]",0.101
59,"[301, 374]",0.11
59,"[286, 374]",0.118
59,"[263, 352]",0.135
59,"[300, 374]",0.142
59,"[206, 374]",0.17
59,"[252, 374]",0.243
59,"[34, 374]",0.26
59,"[205, 374]",0.267
59,"[352, 374]",0.299
59,"[69, 301]",1.463
59,"[185, 286]",1.652
59,"[289, 374]",1.958
59,"[63, 361]",2.203
59,"[229, 389]",2.367
59,"[378, 438]",2.463
59,"[110, 356]",2.562
59,"[71, 107]",2.739
59,"[205, 313]",2.906
59,"[11, 46]",3.567
59,"[97, 211]",4.197
59,"[205, 254]",4.33
59,"[66, 159]",4.48
59,"[64, 374]",10
59,"[66, 374]",10
60,"[110, 374]",0.014
60,"[108, 374]",0.024
60,"[352, 378]",0.041
60,"[374, 374]",0.057
60,"[211, 374]",0.063
60,"[184, 374]",0.084
60,"[263, 374]",0.095
60,"[96, 374]",0.101
60,"[301, 374]",0.11
60,"[286, 374]",0.118
60,"[263, 352]",0.135
60,"[300, 374]",0.142
60,"[206, 374]",0.17
60,"[252, 374]",0.243
60,"[34, 374]",0.26
60,"[205, 374]",0.267
60,"[374, 377]",1.12
60,"[295, 352]",1.534
60,"[378, 390]",1.841
60,"[161, 374]",2.154
60,"[378, 417]",2.325
60,"[71, 358]",2.544
60,"[84, 301]",2.607
60,"[185, 356]",2.638
60,"[107, 185]",3.41
60,"[66, 249]",4.153
60,"[298, 374]",10
60,"[374, 381]",10
60,"[374, 376]",10
60,"[246, 374]",10
60,"[374, 402]",10
60,"[189, 374]",10
61,"[110, 374]",0.014
61,"[108, 374]",0.024
61,"[352, 378]",0.041
61,"[374, 374]",0.057
61,"[211, 374]",0.063
61,"[184, 374]",0.084
61,"[263, 374]",0.095
61,"[96, 374]",0.101
61,"[301, 374]",0.11
61,"[286, 374]",0.118
61,"[263, 352]",0.135
61,"[300, 374]",0.142
61,"[206, 374]",0.17
61,"[252, 374]",0.243
61,"[34, 374]",0.26
61,"[205, 374]",0.267
61,"[263, 264]",2.012
61,"[263, 289]",2.108
61,"[110, 188]",2.284
61,"[39, 252]",2.394
61,"[5, 96]",2.489
61,"[6, 358]",2.536
61,"[185, 408]",2.689
61,"[161, 301]",2.689
61,"[68, 185]",3.521
61,"[185, 242]",3.537
61,"[252, 278]",3.612
61,"[98, 374]",10
61,"[185, 374]",10
61,"[371, 374]",10
61,"[210, 374]",10
61,"[51, 71]",10
62,"[110, 374]",0.014
62,"[108, 374]",0.024
62,"[352, 378]",0.041
62,"[374, 374]",0.057
62,"[211, 374]",0.063
62,"[184, 374]",0.084
62,"[263, 374]",0.095
62,"[96, 374]",0.101
62,"[301, 374]",0.11
62,"[286, 374]",0.118
62,"[263, 352]",0.135
62,"[300, 374]",0.142
62,"[206, 374]",0.17
62,"[252, 374]",0.243
62,"[34, 374]",0.26
62,"[205, 374]",0.267
62,"[181, 374]",0.313
62,"[44, 374]",0.421
62,"[302, 374]",1.115
62,"[263, 372]",1.99
62,"[210, 376]",2.1
62,"[6, 320]",2.186
62,"[188, 301]",2.374
62,"[42, 300]",2.55
62,"[110, 408]",2.612
62,"[408, 429]",2.646
62,"[244, 378]",2.662
62,"[206, 301]",2.684
62,"[39, 205]",2.804
62,"[252, 436]",3.084
62,"[68, 252]",3.185
62,"[365, 374]",10
63,"[110, 374]",0.014
63,"[108, 374]",0.024
63,"[352, 378]",0.041
63,"[374, 374]",0.057
63,"[211, 374]",0.063
63,"[184, 374]",0.084
63,"[263, 374]",0.095
63,"[96, 374]",0.101
63,"[301, 374]",0.11
63,"[286, 374]",0.118
63,"[263, 352]",0.135
63,"[300, 374]",0.142
63,"[206, 374]",0.17
63,"[252, 374]",0.243
63,"[34, 374]",0.26
63,"[205, 374]",0.267
63,"[112, 378]",0.782
63,"[62, 352]",0.954
63,"[302, 349]",1.297
63,"[284, 408]",2.237
63,"[244, 265]",2.387
63,"[56, 372]",2.388
63,"[6, 265]",2.535
63,"[191, 206]",2.629
63,"[252, 300]",2.838
63,"[159, 301]",3.148
63,"[53, 68]",3.158
63,"[200, 429]",3.178
63,"[46, 301]",3.569
63,"[133, 252]",3.692
63,"[363, 374]",10
63,"[33, 374]",10
64,"[110, 374]",0.014
64,"[108, 374]",0.024
64,"[352, 378]",0.041
64,"[374, 374]",0.057
64,"[211, 374]",0.063
64,"[184, 374]",0.084
64,"[263, 374]",0.095
64,"[96, 374]",0.101
64,"[301, 374]",0.11
64,"[286, 374]",0.118
64,"[263, 352]",0.135
64,"[300, 374]",0.142
64,"[206, 374]",0.17
64,"[178, 374]",0.233
64,"[252, 374]",0.243
64,"[34, 374]",0.26
64,"[205, 374]",0.267
64,"[53, 374]",0.82
64,"[184, 378]",0.847
64,"[34, 378]",0.863
64,"[301, 352]",1.034
64,"[352, 360]",1.554
64,"[56, 263]",1.999
64,"[30, 252]",2.203
64,"[289, 301]",2.207
64,"[213, 284]",2.569
64,"[306, 374]",2.883
64,"[161, 200]",3.13
64,"[265, 327]",3.794
64,"[374, 376]",10
64,"[133, 395]",10
64,"[374, 429]",10
65,"[110, 374]",0.014
65,"[108, 374]",0.024
65,"[352, 378]",0.041
65,"[374, 374]",0.057
65,"[211, 374]",0.063
65,"[184, 374]",0.084
65,"[263, 374]",0.095
65,"[96, 374]",0.101
65,"[301, 374]",0.11
65,"[286, 374]",0.118
65,"[263, 352]",0.135
65,"[300, 374]",0.142
65,"[206, 374]",0.17
65,"[178, 374]",0.233
65,"[252, 374]",0.243
65,"[34, 374]",0.26
65,"[370, 374]",0.319
65,"[132, 374]",0.767
65,"[263, 390]",1.982
65,"[301, 337]",2.12
65,"[197, 289]",2.321
65,"[205, 376]",2.719
65,"[109, 378]",2.931
65,"[213, 342]",3.093
65,"[200, 410]",3.375
65,"[221, 301]",3.901
65,"[327, 333]",4.299
65,"[56, 374]",10
65,"[321, 374]",10
65,"[42, 374]",10
65,"[374, 436]",10
65,"[133, 397]",10
66,"[110, 374]",0.014
66,"[108, 374]",0.024
66,"[352, 378]",0.041
66,"[374, 374]",0.057
66,"[211, 374]",0.063
66,"[184, 374]",0.084
66,"[263, 374]",0.095
66,"[96, 374]",0.101
66,"[301, 374]",0.11
66,"[286, 374]",0.118
66,"[263, 352]",0.135
66,"[300, 374]",0.142
66,"[206, 374]",0.17
66,"[178, 374]",0.233
66,"[252, 374]",0.243
66,"[34, 374]",0.26
66,"[213, 374]",0.328
66,"[96, 435]",2.221
66,"[42, 373]",2.412
66,"[211, 376]",2.504
66,"[161, 197]",2.603
66,"[108, 378]",2.619
66,"[301, 415]",2.894
66,"[398, 410]",3.141
66,"[300, 317]",3.292
66,"[337, 339]",3.369
66,"[211, 357]",3.767
66,"[184, 349]",4.091
66,"[374, 437]",10
66,"[42, 374]",10
66,"[4, 374]",10
66,"[368, 374]",10
67,"[110, 374]",0.014
67,"[108, 374]",0.024
67,"[255, 374]",0.037
67,"[352, 378]",0.041
67,"[374, 374]",0.057
67,"[211, 374]",0.063
67,"[184, 374]",0.084
67,"[263, 374]",0.095
67,"[96, 374]",0.101
67,"[301, 374]",0.11
67,"[8, 374]",0.113
67,"[286, 374]",0.118
67,"[263, 352]",0.135
67,"[300, 374]",0.142
67,"[206, 374]",0.17
67,"[178, 374]",0.233
67,"[252, 374]",0.243
67,"[34, 374]",0.26
67,"[77, 374]",1.05
67,"[181, 286]",1.586
67,"[263, 410]",2.032
67,"[100, 301]",2.327
67,"[301, 446]",2.463
67,"[4, 335]",2.465
67,"[294, 373]",2.501
67,"[79, 349]",2.638
67,"[197, 382]",2.733
67,"[206, 357]",2.743
67,"[155, 206]",2.758
67,"[359, 368]",3.995
67,"[193, 339]",4.06
67,"[109, 374]",10
68,"[110, 374]",0.014
68,"[108, 374]",0.024
68,"[255, 374]",0.037
68,"[352, 378]",0.041
68,"[374, 374]",0.057
68,"[211, 374]",0.063
68,"[184, 374]",0.084
68,"[263, 374]",0.095
68,"[96, 374]",0.101
68,"[301, 374]",0.11
68,"[8, 374]",0.113
68,"[286, 374]",0.118
68,"[263, 352]",0.135
68,"[300, 374]",0.142
68,"[206, 374]",0.17
68,"[266, 382]",0.224
68,"[178, 374]",0.233
68,"[286, 286]",1.644
68,"[79, 143]",1.873
68,"[123, 263]",2.08
68,"[337, 410]",2.296
68,"[206, 435]",2.303
68,"[71, 446]",2.338
68,"[79, 374]",2.411
68,"[110, 446]",2.541
68,"[157, 301]",2.559
68,"[206, 301]",2.684
68,"[243, 349]",2.713
68,"[108, 290]",3.109
68,"[181, 382]",4.381
68,"[109, 374]",10
68,"[359, 374]",10
69,"[110, 374]",0.014
69,"[108, 374]",0.024
69,"[255, 374]",0.037
69,"[352, 378]",0.041
69,"[374, 374]",0.057
69,"[211, 374]",0.063
69,"[184, 374]",0.084
69,"[263, 374]",0.095
69,"[96, 374]",0.101
69,"[301, 374]",0.11
69,"[8, 374]",0.113
69,"[286, 374]",0.118
69,"[263, 352]",0.135
69,"[300, 374]",0.142
69,"[206, 374]",0.17
69,"[266, 382]",0.224
69,"[178, 374]",0.233
69,"[132, 374]",0.767
69,"[286, 432]",1.526
69,"[39, 352]",1.706
69,"[163, 374]",1.844
69,"[263, 286]",1.936
69,"[71, 274]",2.072
69,"[135, 143]",2.092
69,"[39, 109]",2.55
69,"[126, 211]",2.723
69,"[157, 433]",2.911
69,"[184, 400]",3.004
69,"[266, 374]",10
69,"[374, 397]",10
69,"[66, 374]",10
69,"[71, 374]",10
70,"[110, 374]",0.014
70,"[108, 374]",0.024
70,"[255, 374]",0.037
70,"[352, 378]",0.041
70,"[374, 374]",0.057
70,"[211, 374]",0.063
70,"[184, 374]",0.084
70,"[263, 374]",0.095
70,"[96, 374]",0.101
70,"[301, 374]",0.11
70,"[8, 374]",0.113
70,"[286, 374]",0.118
70,"[263, 352]",0.135
70,"[300, 374]",0.142
70,"[206, 374]",0.17
70,"[266, 382]",0.224
70,"[31, 352]",0.945
70,"[259, 352]",0.977
70,"[191, 374]",1.817
70,"[183, 374]",1.935
70,"[58, 352]",2.079
70,"[163, 400]",2.264
70,"[120, 382]",2.342
70,"[157, 294]",2.508
70,"[157, 248]",2.557
70,"[348, 374]",10
70,"[13, 374]",10
70,"[374, 380]",10
70,"[374, 399]",10
70,"[374, 418]",10
70,"[66, 382]",10
70,"[266, 433]",10
71,"[110, 374]",0.014
71,"[108, 374]",0.024
71,"[255, 374]",0.037
71,"[352, 378]",0.041
71,"[374, 374]",0.057
71,"[211, 374]",0.063
71,"[184, 374]",0.084
71,"[263, 374]",0.095
71,"[96, 374]",0.101
71,"[301, 374]",0.11
71,"[8, 374]",0.113
71,"[286, 374]",0.118
71,"[263, 352]",0.135
71,"[300, 374]",0.142
71,"[206, 374]",0.17
71,"[266, 382]",0.224
71,"[374, 398]",0.378
71,"[130, 263]",2.162
71,"[96, 433]",2.283
71,"[58, 173]",2.297
71,"[96, 382]",2.414
71,"[157, 374]",2.513
71,"[157, 387]",2.797
71,"[129, 301]",2.856
71,"[206, 290]",3.044
71,"[377, 399]",3.543
71,"[374, 402]",10
71,"[324, 374]",10
71,"[218, 374]",10
71,"[185, 374]",10
71,"[22, 374]",10
71,"[11, 374]",10
72,"[110, 374]",0.014
72,"[108, 374]",0.024
72,"[255, 374]",0.037
72,"[352, 378]",0.041
72,"[374, 374]",0.057
72,"[211, 374]",0.063
72,"[184, 374]",0.084
72,"[263, 374]",0.095
72,"[96, 374]",0.101
72,"[301, 374]",0.11
72,"[8, 374]",0.113
72,"[286, 374]",0.118
72,"[263, 352]",0.135
72,"[30, 374]",0.139
72,"[300, 374]",0.142
72,"[206, 374]",0.17
72,"[266, 382]",0.224
72,"[5, 374]",0.298
72,"[374, 377]",1.12
72,"[409, 433]",1.92
72,"[263, 390]",1.982
72,"[114, 374]",2.076
72,"[263, 353]",2.278
72,"[108, 424]",2.279
72,"[206, 398]",2.553
72,"[129, 133]",3.39
72,"[211, 252]",3.557
72,"[11, 374]",10
72,"[145, 374]",10
72,"[350, 374]",10
72,"[374, 400]",10
72,"[16, 374]",10
73,"[110, 374]",0.014
73,"[108, 374]",0.024
73,"[255, 374]",0.037
73,"[352, 378]",0.041
73,"[374, 374]",0.057
73,"[211, 374]",0.063
73,"[184, 374]",0.084
73,"[263, 374]",0.095
73,"[96, 374]",0.101
73,"[301, 374]",0.11
73,"[8, 374]",0.113
73,"[286, 374]",0.118
73,"[263, 352]",0.135
73,"[30, 374]",0.139
73,"[300, 374]",0.142
73,"[206, 374]",0.17
73,"[352, 374]",0.299
73,"[30, 203]",1.962
73,"[300, 431]",2.239
73,"[96, 433]",2.283
73,"[67, 374]",2.341
73,"[162, 374]",2.581
73,"[206, 379]",2.647
73,"[354, 377]",2.789
73,"[110, 433]",2.935
73,"[160, 398]",3.022
73,"[77, 409]",3.787
73,"[319, 374]",10
73,"[46, 374]",10
73,"[374, 442]",10
73,"[328, 374]",10
73,"[374, 407]",10
74,"[110, 374]",0.014
74,"[108, 374]",0.024
74,"[255, 374]",0.037
74,"[352, 378]",0.041
74,"[374, 374]",0.057
74,"[211, 374]",0.063
74,"[184, 374]",0.084
74,"[263, 374]",0.095
74,"[96, 374]",0.101
74,"[301, 374]",0.11
74,"[8, 374]",0.113
74,"[286, 374]",0.118
74,"[263, 352]",0.135
74,"[30, 374]",0.139
74,"[300, 374]",0.142
74,"[206, 374]",0.17
74,"[352, 374]",0.299
74,"[374, 433]",0.472
74,"[30, 139]",1.658
74,"[128, 263]",2.064
74,"[44, 206]",2.205
74,"[271, 328]",2.21
74,"[206, 379]",2.647
74,"[377, 434]",2.924
74,"[109, 286]",2.959
74,"[87, 211]",3.309
74,"[160, 226]",3.444
74,"[328, 406]",3.626
74,"[162, 377]",3.654
74,"[126, 374]",10
74,"[299, 374]",10
74,"[46, 374]",10
75,"[110, 374]",0.014
75,"[108, 374]",0.024
75,"[255, 374]",0.037
75,"[352, 378]",0.041
75,"[374, 374]",0.057
75,"[211, 374]",0.063
75,"[184, 374]",0.084
75,"[263, 374]",0.095
75,"[96, 374]",0.101
75,"[301, 374]",0.11
75,"[8, 374]",0.113
75,"[286, 374]",0.118
75,"[160, 374]",0.13
75,"[263, 352]",0.135
75,"[30, 374]",0.139
75,"[300, 374]",0.142
75,"[206, 374]",0.17
75,"[46, 352]",1.206
75,"[115, 286]",1.319
75,"[30, 113]",1.988
75,"[195, 271]",2.055
75,"[271, 374]",2.221
75,"[26, 96]",2.382
75,"[126, 392]",2.501
75,"[14, 300]",2.551
75,"[44, 286]",2.61
75,"[255, 285]",2.858
75,"[44, 211]",3.108
75,"[328, 377]",3.296
75,"[226, 377]",3.623
75,"[273, 433]",3.714
75,"[366, 374]",10
76,"[110, 374]",0.014
76,"[108, 374]",0.024
76,"[255, 374]",0.037
76,"[352, 378]",0.041
76,"[374, 374]",0.057
76,"[211, 374]",0.063
76,"[184, 374]",0.084
76,"[263, 374]",0.095
76,"[96, 374]",0.101
76,"[301, 374]",0.11
76,"[8, 374]",0.113
76,"[286, 374]",0.118
76,"[160, 374]",0.13
76,"[263, 352]",0.135
76,"[30, 374]",0.139
76,"[300, 374]",0.142
76,"[370, 374]",0.319
76,"[352, 433]",1.134
76,"[72, 271]",1.935
76,"[30, 401]",2.267
76,"[74, 328]",2.376
76,"[44, 75]",2.661
76,"[34, 300]",2.675
76,"[44, 150]",2.727
76,"[170, 352]",2.783
76,"[32, 44]",3.053
76,"[142, 226]",3.136
76,"[290, 366]",3.201
76,"[255, 415]",3.812
76,"[90, 374]",10
76,"[14, 374]",10
76,"[253, 374]",10
77,"[110, 374]",0.014
77,"[108, 374]",0.024
77,"[255, 374]",0.037
77,"[352, 378]",0.041
77,"[374, 374]",0.057
77,"[211, 374]",0.063
77,"[184, 374]",0.084
77,"[263, 374]",0.095
77,"[96, 374]",0.101
77,"[301, 374]",0.11
77,"[8, 374]",0.113
77,"[286, 374]",0.118
77,"[160, 374]",0.13
77,"[263, 352]",0.135
77,"[30, 374]",0.139
77,"[300, 374]",0.142
77,"[352, 374]",0.299
77,"[263, 440]",1.689
77,"[44, 254]",2.53
77,"[142, 180]",2.637
77,"[249, 374]",2.645
77,"[81, 415]",2.713
77,"[290, 415]",2.999
77,"[34, 236]",3.094
77,"[184, 261]",3.606
77,"[226, 332]",4.202
77,"[253, 341]",4.679
77,"[155, 374]",10
77,"[374, 393]",10
77,"[3, 374]",10
77,"[14, 374]",10
77,"[115, 374]",10
78,"[110, 374]",0.014
78,"[108, 374]",0.024
78,"[255, 374]",0.037
78,"[352, 378]",0.041
78,"[374, 374]",0.057
78,"[211, 374]",0.063
78,"[184, 374]",0.084
78,"[263, 374]",0.095
78,"[96, 374]",0.101
78,"[301, 374]",0.11
78,"[8, 374]",0.113
78,"[286, 374]",0.118
78,"[160, 374]",0.13
78,"[263, 352]",0.135
78,"[30, 374]",0.139
78,"[300, 374]",0.142
78,"[5, 374]",0.298
78,"[352, 374]",0.299
78,"[147, 378]",1.012
78,"[352, 380]",1.02
78,"[69, 374]",1.074
78,"[30, 440]",1.62
78,"[25, 286]",1.655
78,"[263, 384]",2.025
78,"[8, 305]",2.205
78,"[204, 261]",2.588
78,"[415, 429]",2.785
78,"[228, 300]",2.823
78,"[23, 115]",3.084
78,"[253, 261]",3.405
78,"[42, 261]",3.498
78,"[42, 374]",10
79,"[110, 374]",0.014
79,"[108, 374]",0.024
79,"[255, 374]",0.037
79,"[352, 378]",0.041
79,"[374, 374]",0.057
79,"[211, 374]",0.063
79,"[184, 374]",0.084
79,"[263, 374]",0.095
79,"[96, 374]",0.101
79,"[301, 374]",0.11
79,"[8, 374]",0.113
79,"[286, 374]",0.118
79,"[160, 374]",0.13
79,"[263, 352]",0.135
79,"[30, 374]",0.139
79,"[300, 374]",0.142
79,"[58, 374]",1.918
79,"[115, 263]",2.08
79,"[30, 55]",2.154
79,"[305, 403]",2.155
79,"[115, 260]",2.195
79,"[300, 350]",2.465
79,"[2, 300]",2.499
79,"[212, 300]",2.545
79,"[129, 429]",2.718
79,"[42, 55]",2.757
79,"[42, 97]",3.096
79,"[108, 261]",3.328
79,"[261, 348]",3.531
79,"[361, 374]",10
79,"[271, 352]",10
79,"[189, 374]",10
80,"[110, 374]",0.014
80,"[108, 374]",0.024
80,"[255, 374]",0.037
80,"[352, 378]",0.041
80,"[374, 374]",0.057
80,"[211, 374]",0.063
80,"[184, 374]",0.084
80,"[263, 374]",0.095
80,"[96, 374]",0.101
80,"[301, 374]",0.11
80,"[8, 374]",0.113
80,"[286, 374]",0.118
80,"[160, 374]",0.13
80,"[263, 352]",0.135
80,"[30, 374]",0.139
80,"[300, 374]",0.142
80,"[354, 374]",0.327
80,"[2, 403]",2.117
80,"[22, 96]",2.146
80,"[286, 352]",2.371
80,"[74, 300]",2.433
80,"[129, 300]",2.585
80,"[350, 411]",2.627
80,"[55, 93]",2.727
80,"[55, 115]",3.065
80,"[115, 300]",3.208
80,"[46, 115]",3.477
80,"[189, 374]",10
80,"[374, 411]",10
80,"[42, 374]",10
80,"[51, 212]",10
80,"[93, 374]",10
81,"[110, 374]",0.014
81,"[108, 374]",0.024
81,"[255, 374]",0.037
81,"[352, 378]",0.041
81,"[374, 374]",0.057
81,"[211, 374]",0.063
81,"[184, 374]",0.084
81,"[263, 374]",0.095
81,"[96, 374]",0.101
81,"[301, 374]",0.11
81,"[8, 374]",0.113
81,"[286, 374]",0.118
81,"[160, 374]",0.13
81,"[263, 352]",0.135
81,"[30, 374]",0.139
81,"[300, 374]",0.142
81,"[136, 374]",0.442
81,"[357, 374]",0.879
81,"[74, 263]",1.935
81,"[352, 367]",2.032
81,"[373, 374]",2.229
81,"[160, 215]",2.447
81,"[42, 212]",2.534
81,"[93, 253]",2.565
81,"[115, 432]",2.699
81,"[354, 390]",2.713
81,"[74, 115]",2.766
81,"[115, 160]",2.948
81,"[110, 149]",2.967
81,"[189, 210]",3.274
81,"[35, 211]",3.904
81,"[288, 374]",10
82,"[110, 374]",0.014
82,"[108, 374]",0.024
82,"[255, 374]",0.037
82,"[352, 378]",0.041
82,"[374, 374]",0.057
82,"[211, 374]",0.063
82,"[74, 374]",0.072
82,"[184, 374]",0.084
82,"[263, 374]",0.095
82,"[96, 374]",0.101
82,"[301, 374]",0.11
82,"[8, 374]",0.113
82,"[286, 374]",0.118
82,"[160, 374]",0.13
82,"[263, 352]",0.135
82,"[30, 374]",0.139
82,"[300, 374]",0.142
82,"[177, 374]",1.36
82,"[136, 222]",2.097
82,"[74, 129]",2.436
82,"[157, 301]",2.559
82,"[189, 287]",2.842
82,"[160, 432]",2.891
82,"[189, 367]",3.456
82,"[115, 306]",3.712
82,"[149, 273]",4.018
82,"[106, 215]",4.141
82,"[115, 374]",10
82,"[97, 374]",10
82,"[92, 374]",10
82,"[93, 374]",10
82,"[287, 374]",10
83,"[110, 374]",0.014
83,"[108, 374]",0.024
83,"[255, 374]",0.037
83,"[352, 378]",0.041
83,"[374, 374]",0.057
83,"[211, 374]",0.063
83,"[74, 374]",0.072
83,"[184, 374]",0.084
83,"[263, 374]",0.095
83,"[96, 374]",0.101
83,"[301, 374]",0.11
83,"[8, 374]",0.113
83,"[286, 374]",0.118
83,"[160, 374]",0.13
83,"[263, 352]",0.135
83,"[30, 374]",0.139
83,"[374, 433]",0.472
83,"[374, 403]",0.496
83,"[30, 129]",2.167
83,"[160, 243]",2.259
83,"[97, 227]",2.307
83,"[110, 287]",2.558
83,"[273, 276]",2.583
83,"[74, 379]",2.726
83,"[39, 106]",2.841
83,"[63, 184]",2.858
83,"[92, 178]",3.214
83,"[106, 124]",3.94
83,"[374, 392]",10
83,"[14, 374]",10
83,"[313, 374]",10
83,"[374, 418]",10
84,"[110, 374]",0.014
84,"[108, 374]",0.024
84,"[255, 374]",0.037
84,"[352, 378]",0.041
84,"[374, 374]",0.057
84,"[211, 374]",0.063
84,"[74, 374]",0.072
84,"[184, 374]",0.084
84,"[263, 374]",0.095
84,"[96, 374]",0.101
84,"[301, 374]",0.11
84,"[8, 374]",0.113
84,"[286, 374]",0.118
84,"[160, 374]",0.13
84,"[263, 352]",0.135
84,"[30, 374]",0.139
84,"[256, 378]",0.898
84,"[63, 352]",1.088
84,"[14, 263]",1.977
84,"[111, 211]",2.286
84,"[30, 124]",2.329
84,"[92, 199]",2.437
84,"[63, 380]",2.519
84,"[74, 291]",2.827
84,"[14, 392]",2.842
84,"[324, 392]",2.903
84,"[124, 236]",2.978
84,"[106, 380]",3.516
84,"[263, 387]",3.82
84,"[211, 245]",4.319
84,"[201, 374]",10
84,"[374, 392]",10
85,"[110, 374]",0.014
85,"[108, 374]",0.024
85,"[255, 374]",0.037
85,"[352, 378]",0.041
85,"[374, 374]",0.057
85,"[211, 374]",0.063
85,"[74, 374]",0.072
85,"[184, 374]",0.084
85,"[263, 374]",0.095
85,"[96, 374]",0.101
85,"[301, 374]",0.11
85,"[8, 374]",0.113
85,"[286, 374]",0.118
85,"[160, 374]",0.13
85,"[263, 352]",0.135
85,"[30, 374]",0.139
85,"[74, 352]",1.562
85,"[163, 374]",1.844
85,"[215, 263]",2.084
85,"[170, 263]",2.186
85,"[32, 324]",2.308
85,"[45, 74]",2.313
85,"[324, 332]",2.582
85,"[48, 392]",3.148
85,"[256, 331]",3.264
85,"[349, 380]",3.281
85,"[387, 405]",3.349
85,"[15, 211]",3.493
85,"[110, 261]",3.517
85,"[49, 255]",3.968
85,"[230, 374]",10
85,"[116, 374]",10
86,"[110, 374]",0.014
86,"[108, 374]",0.024
86,"[255, 374]",0.037
86,"[352, 378]",0.041
86,"[374, 374]",0.057
86,"[211, 374]",0.063
86,"[74, 374]",0.072
86,"[184, 374]",0.084
86,"[263, 374]",0.095
86,"[96, 374]",0.101
86,"[301, 374]",0.11
86,"[8, 374]",0.113
86,"[286, 374]",0.118
86,"[160, 374]",0.13
86,"[263, 352]",0.135
86,"[30, 374]",0.139
86,"[32, 374]",0.41
86,"[304, 374]",1.048
86,"[123, 352]",1.095
86,"[151, 352]",1.126
86,"[93, 263]",1.786
86,"[263, 324]",1.923
86,"[183, 374]",1.935
86,"[301, 420]",2.054
86,"[131, 170]",2.121
86,"[96, 337]",2.141
86,"[105, 324]",2.554
86,"[312, 374]",2.559
86,"[324, 382]",2.576
86,"[218, 301]",2.81
86,"[48, 211]",4.252
86,"[374, 445]",10
87,"[110, 374]",0.014
87,"[108, 374]",0.024
87,"[255, 374]",0.037
87,"[352, 378]",0.041
87,"[374, 374]",0.057
87,"[211, 374]",0.063
87,"[74, 374]",0.072
87,"[184, 374]",0.084
87,"[263, 374]",0.095
87,"[96, 374]",0.101
87,"[301, 374]",0.11
87,"[8, 374]",0.113
87,"[286, 374]",0.118
87,"[160, 374]",0.13
87,"[263, 352]",0.135
87,"[30, 374]",0.139
87,"[352, 374]",0.299
87,"[352, 435]",1.306
87,"[131, 378]",1.311
87,"[212, 352]",1.42
87,"[263, 324]",1.923
87,"[50, 263]",1.999
87,"[141, 301]",2.189
87,"[312, 445]",2.444
87,"[100, 445]",2.565
87,"[145, 184]",2.765
87,"[324, 404]",2.835
87,"[209, 263]",3.691
87,"[211, 301]",4.262
87,"[106, 211]",4.371
87,"[320, 374]",10
87,"[374, 379]",10
88,"[110, 374]",0.014
88,"[108, 374]",0.024
88,"[255, 374]",0.037
88,"[352, 378]",0.041
88,"[374, 374]",0.057
88,"[211, 374]",0.063
88,"[74, 374]",0.072
88,"[184, 374]",0.084
88,"[263, 374]",0.095
88,"[96, 374]",0.101
88,"[301, 374]",0.11
88,"[8, 374]",0.113
88,"[286, 374]",0.118
88,"[160, 374]",0.13
88,"[263, 352]",0.135
88,"[30, 374]",0.139
88,"[352, 374]",0.299
88,"[314, 374]",0.589
88,"[50, 374]",0.602
88,"[143, 352]",1.099
88,"[147, 263]",1.734
88,"[158, 211]",2.181
88,"[212, 374]",2.294
88,"[334, 374]",2.406
88,"[301, 324]",2.551
88,"[110, 404]",2.755
88,"[160, 379]",2.854
88,"[259, 379]",2.974
88,"[106, 374]",3.251
88,"[301, 426]",3.276
88,"[145, 374]",10
88,"[243, 374]",10
89,"[110, 374]",0.014
89,"[108, 374]",0.024
89,"[255, 374]",0.037
89,"[352, 378]",0.041
89,"[374, 374]",0.057
89,"[211, 374]",0.063
89,"[74, 374]",0.072
89,"[184, 374]",0.084
89,"[263, 374]",0.095
89,"[96, 374]",0.101
89,"[301, 374]",0.11
89,"[8, 374]",0.113
89,"[286, 374]",0.118
89,"[160, 374]",0.13
89,"[263, 352]",0.135
89,"[30, 374]",0.139
89,"[352, 406]",0.89
89,"[285, 374]",1.775
89,"[27, 404]",2.053
89,"[160, 171]",2.19
89,"[212, 374]",2.294
89,"[74, 220]",2.537
89,"[119, 145]",2.634
89,"[184, 250]",2.948
89,"[110, 152]",3.23
89,"[286, 336]",3.33
89,"[112, 374]",10
89,"[374, 443]",10
89,"[14, 374]",10
89,"[243, 374]",10
89,"[147, 374]",10
89,"[374, 413]",10
90,"[110, 374]",0.014
90,"[108, 374]",0.024
90,"[255, 374]",0.037
90,"[352, 378]",0.041
90,"[374, 374]",0.057
90,"[211, 374]",0.063
90,"[74, 374]",0.072
90,"[184, 374]",0.084
90,"[263, 374]",0.095
90,"[96, 374]",0.101
90,"[301, 374]",0.11
90,"[8, 374]",0.113
90,"[286, 374]",0.118
90,"[160, 374]",0.13
90,"[263, 352]",0.135
90,"[30, 374]",0.139
90,"[252, 374]",0.243
90,"[374, 403]",0.496
90,"[191, 374]",1.817
90,"[8, 210]",2.03
90,"[324, 443]",2.115
90,"[171, 211]",2.233
90,"[149, 263]",2.241
90,"[112, 284]",2.356
90,"[243, 348]",2.546
90,"[14, 168]",2.607
90,"[6, 110]",2.679
90,"[152, 394]",2.747
90,"[71, 374]",10
90,"[235, 374]",10
90,"[374, 391]",10
90,"[301, 413]",10
91,"[110, 374]",0.014
91,"[108, 374]",0.024
91,"[255, 374]",0.037
91,"[352, 378]",0.041
91,"[374, 374]",0.057
91,"[211, 374]",0.063
91,"[74, 374]",0.072
91,"[184, 374]",0.084
91,"[263, 374]",0.095
91,"[96, 374]",0.101
91,"[301, 374]",0.11
91,"[8, 374]",0.113
91,"[286, 374]",0.118
91,"[160, 374]",0.13
91,"[263, 352]",0.135
91,"[30, 374]",0.139
91,"[145, 352]",1.235
91,"[263, 287]",1.788
91,"[96, 145]",2.264
91,"[8, 348]",2.308
91,"[235, 388]",2.346
91,"[152, 374]",2.598
91,"[248, 378]",2.747
91,"[21, 348]",2.854
91,"[213, 263]",3.048
91,"[152, 252]",3.674
91,"[110, 327]",4.225
91,"[56, 374]",10
91,"[1, 374]",10
91,"[194, 374]",10
91,"[349, 374]",10
91,"[33, 374]",10
92,"[110, 374]",0.014
92,"[108, 374]",0.024
92,"[255, 374]",0.037
92,"[352, 378]",0.041
92,"[374, 374]",0.057
92,"[211, 374]",0.063
92,"[74, 374]",0.072
92,"[184, 374]",0.084
92,"[263, 374]",0.095
92,"[96, 374]",0.101
92,"[301, 374]",0.11
92,"[8, 374]",0.113
92,"[286, 374]",0.118
92,"[160, 374]",0.13
92,"[263, 352]",0.135
92,"[30, 374]",0.139
92,"[57, 374]",0.519
92,"[352, 352]",1.364
92,"[110, 196]",2.143
92,"[96, 159]",2.215
92,"[96, 182]",2.418
92,"[255, 285]",2.858
92,"[195, 327]",2.87
92,"[110, 348]",2.921
92,"[252, 436]",3.084
92,"[213, 388]",3.103
92,"[130, 145]",3.274
92,"[152, 311]",3.347
92,"[241, 374]",10
92,"[350, 374]",10
92,"[361, 374]",10
92,"[56, 374]",10
93,"[110, 374]",0.014
93,"[108, 374]",0.024
93,"[255, 374]",0.037
93,"[352, 378]",0.041
93,"[374, 374]",0.057
93,"[211, 374]",0.063
93,"[74, 374]",0.072
93,"[184, 374]",0.084
93,"[263, 374]",0.095
93,"[96, 374]",0.101
93,"[301, 374]",0.11
93,"[8, 374]",0.113
93,"[286, 374]",0.118
93,"[160, 374]",0.13
93,"[263, 352]",0.135
93,"[30, 374]",0.139
93,"[84, 374]",0.166
93,"[327, 352]",0.655
93,"[374, 389]",0.665
93,"[125, 263]",1.598
93,"[96, 285]",2.039
93,"[58, 195]",2.132
93,"[233, 301]",2.498
93,"[108, 415]",2.625
93,"[145, 192]",2.871
93,"[11, 213]",3.222
93,"[130, 207]",4.156
93,"[184, 425]",4.346
93,"[195, 374]",10
93,"[130, 374]",10
93,"[246, 374]",10
93,"[365, 374]",10
94,"[110, 374]",0.014
94,"[108, 374]",0.024
94,"[255, 374]",0.037
94,"[352, 378]",0.041
94,"[374, 374]",0.057
94,"[211, 374]",0.063
94,"[74, 374]",0.072
94,"[184, 374]",0.084
94,"[263, 374]",0.095
94,"[96, 374]",0.101
94,"[301, 374]",0.11
94,"[8, 374]",0.113
94,"[286, 374]",0.118
94,"[160, 374]",0.13
94,"[263, 352]",0.135
94,"[30, 374]",0.139
94,"[84, 374]",0.166
94,"[181, 378]",0.753
94,"[374, 386]",1.097
94,"[263, 378]",1.185
94,"[96, 122]",1.851
94,"[198, 263]",1.969
94,"[96, 266]",2.018
94,"[263, 301]",2.094
94,"[389, 419]",2.587
94,"[152, 195]",2.797
94,"[306, 374]",2.883
94,"[58, 152]",2.931
94,"[25, 365]",3.068
94,"[246, 272]",3.128
94,"[97, 327]",4.362
94,"[365, 374]",10
95,"[110, 374]",0.014
95,"[108, 374]",0.024
95,"[255, 374]",0.037
95,"[352, 378]",0.041
95,"[374, 374]",0.057
95,"[211, 374]",0.063
95,"[74, 374]",0.072
95,"[184, 374]",0.084
95,"[263, 374]",0.095
95,"[96, 374]",0.101
95,"[301, 374]",0.11
95,"[8, 374]",0.113
95,"[286, 374]",0.118
95,"[160, 374]",0.13
95,"[263, 352]",0.135
95,"[30, 374]",0.139
95,"[32, 374]",0.41
95,"[374, 389]",0.665
95,"[31, 152]",1.378
95,"[63, 365]",1.697
95,"[52, 58]",2.075
95,"[160, 298]",2.221
95,"[84, 122]",2.273
95,"[108, 195]",2.301
95,"[78, 374]",2.392
95,"[45, 108]",2.403
95,"[332, 378]",2.503
95,"[110, 378]",2.783
95,"[195, 255]",2.857
95,"[35, 301]",3.261
95,"[97, 109]",3.568
95,"[211, 338]",4.244
96,"[110, 374]",0.014
96,"[73, 374]",0.024
96,"[108, 374]",0.024
96,"[255, 374]",0.037
96,"[352, 378]",0.041
96,"[374, 374]",0.057
96,"[211, 374]",0.063
96,"[74, 374]",0.072
96,"[184, 374]",0.084
96,"[263, 374]",0.095
96,"[96, 374]",0.101
96,"[301, 374]",0.11
96,"[8, 374]",0.113
96,"[286, 374]",0.118
96,"[160, 374]",0.13
96,"[263, 352]",0.135
96,"[30, 374]",0.139
96,"[343, 352]",0.553
96,"[31, 303]",0.869
96,"[31, 374]",1.02
96,"[223, 352]",1.475
96,"[122, 263]",1.976
96,"[142, 263]",1.987
96,"[256, 374]",2.142
96,"[108, 286]",2.4
96,"[195, 332]",2.536
96,"[28, 195]",2.772
96,"[265, 365]",2.931
96,"[259, 378]",2.958
96,"[301, 351]",3.192
96,"[45, 374]",10
96,"[235, 374]",10
97,"[110, 374]",0.014
97,"[73, 374]",0.024
97,"[108, 374]",0.024
97,"[255, 374]",0.037
97,"[352, 378]",0.041
97,"[374, 374]",0.057
97,"[211, 374]",0.063
97,"[74, 374]",0.072
97,"[184, 374]",0.084
97,"[263, 374]",0.095
97,"[96, 374]",0.101
97,"[301, 374]",0.11
97,"[8, 374]",0.113
97,"[286, 374]",0.118
97,"[160, 374]",0.13
97,"[263, 352]",0.135
97,"[122, 352]",0.337
97,"[263, 365]",1.2
97,"[110, 365]",1.625
97,"[96, 352]",1.874
97,"[108, 263]",1.995
97,"[96, 117]",2.153
97,"[195, 373]",2.171
97,"[195, 429]",2.392
97,"[28, 121]",2.539
97,"[76, 351]",2.696
97,"[265, 416]",2.829
97,"[211, 342]",3.544
97,"[80, 374]",10
97,"[128, 374]",10
97,"[33, 374]",10
97,"[45, 374]",10
98,"[110, 374]",0.014
98,"[73, 374]",0.024
98,"[108, 374]",0.024
98,"[255, 374]",0.037
98,"[352, 378]",0.041
98,"[374, 374]",0.057
98,"[211, 374]",0.063
98,"[74, 374]",0.072
98,"[184, 374]",0.084
98,"[263, 374]",0.095
98,"[96, 374]",0.101
98,"[301, 374]",0.11
98,"[8, 374]",0.113
98,"[286, 374]",0.118
98,"[160, 374]",0.13
98,"[263, 352]",0.135
98,"[28, 374]",0.378
98,"[358, 374]",0.481
98,"[315, 352]",0.953
98,"[178, 352]",1.122
98,"[237, 263]",1.228
98,"[20, 96]",2.086
98,"[8, 327]",2.207
98,"[80, 325]",2.459
98,"[110, 176]",2.6
98,"[373, 410]",2.65
98,"[108, 278]",3.385
98,"[301, 317]",3.746
98,"[45, 374]",10
98,"[374, 439]",10
98,"[33, 374]",10
98,"[374, 412]",10
99,"[110, 374]",0.014
99,"[73, 374]",0.024
99,"[108, 374]",0.024
99,"[255, 374]",0.037
99,"[352, 378]",0.041
99,"[374, 374]",0.057
99,"[211, 374]",0.063
99,"[74, 374]",0.072
99,"[184, 374]",0.084
99,"[263, 374]",0.095
99,"[96, 374]",0.101
99,"[301, 374]",0.11
99,"[8, 374]",0.113
99,"[286, 374]",0.118
99,"[160, 374]",0.13
99,"[263, 352]",0.135
99,"[7, 374]",0.16
99,"[352, 374]",0.299
99,"[8, 444]",1.103
99,"[131, 263]",1.395
99,"[73, 400]",1.944
99,"[148, 263]",2.032
99,"[225, 315]",2.283
99,"[212, 374]",2.294
99,"[108, 369]",2.411
99,"[73, 278]",2.47
99,"[50, 373]",2.501
99,"[34, 184]",3.177
99,"[278, 310]",4.434
99,"[70, 374]",10
99,"[363, 374]",10
99,"[374, 405]",10
100,"[110, 374]",0.014
100,"[73, 374]",0.024
100,"[108, 374]",0.024
100,"[255, 374]",0.037
100,"[352, 378]",0.041
100,"[374, 374]",0.057
100,"[211, 374]",0.063
100,"[74, 374]",0.072
100,"[184, 374]",0.084
100,"[263, 374]",0.095
100,"[96, 374]",0.101
100,"[301, 374]",0.11
100,"[8, 374]",0.113
100,"[286, 374]",0.118
100,"[160, 374]",0.13
100,"[263, 352]",0.135
100,"[352, 374]",0.299
100,"[138, 352]",0.788
100,"[73, 154]",1.754
100,"[131, 257]",1.756
100,"[263, 303]",1.759
100,"[160, 263]",1.941
100,"[73, 340]",2.033
100,"[263, 400]",2.126
100,"[148, 315]",2.382
100,"[74, 221]",3.217
100,"[254, 278]",3.972
100,"[124, 374]",10
100,"[21, 374]",10
100,"[365, 374]",10
100,"[164, 374]",10
100,"[359, 374]",10
101,"[110, 374]",0.014
101,"[73, 374]",0.024
101,"[108, 374]",0.024
101,"[255, 374]",0.037
101,"[352, 378]",0.041
101,"[374, 374]",0.057
101,"[211, 374]",0.063
101,"[74, 374]",0.072
101,"[184, 374]",0.084
101,"[263, 374]",0.095
101,"[96, 374]",0.101
101,"[301, 374]",0.11
101,"[8, 374]",0.113
101,"[286, 374]",0.118
101,"[160, 374]",0.13
101,"[263, 352]",0.135
101,"[7, 374]",0.16
101,"[352, 431]",0.457
101,"[120, 374]",1.466
101,"[122, 263]",1.976
101,"[244, 315]",2.108
101,"[256, 374]",2.142
101,"[124, 258]",2.416
101,"[73, 413]",2.434
101,"[96, 211]",2.47
101,"[74, 433]",2.606
101,"[148, 292]",2.675
101,"[47, 359]",2.687
101,"[12, 278]",3.36
101,"[255, 342]",3.697
101,"[374, 391]",10
101,"[148, 374]",10
102,"[110, 374]",0.014
102,"[73, 374]",0.024
102,"[108, 374]",0.024
102,"[255, 374]",0.037
102,"[352, 378]",0.041
102,"[374, 374]",0.057
102,"[211, 374]",0.063
102,"[74, 374]",0.072
102,"[184, 374]",0.084
102,"[263, 374]",0.095
102,"[96, 374]",0.101
102,"[301, 374]",0.11
102,"[8, 374]",0.113
102,"[286, 374]",0.118
102,"[160, 374]",0.13
102,"[263, 352]",0.135
102,"[70, 263]",1.49
102,"[148, 352]",1.705
102,"[11, 73]",2.065
102,"[86, 122]",2.105
102,"[177, 184]",2.502
102,"[378, 388]",2.825
102,"[35, 342]",3.328
102,"[234, 301]",3.457
102,"[26, 47]",3.857
102,"[193, 278]",3.873
102,"[124, 374]",10
102,"[244, 374]",10
102,"[118, 374]",10
102,"[359, 374]",10
102,"[80, 374]",10
102,"[330, 374]",10
103,"[110, 374]",0.014
103,"[73, 374]",0.024
103,"[108, 374]",0.024
103,"[255, 374]",0.037
103,"[352, 378]",0.041
103,"[374, 374]",0.057
103,"[211, 374]",0.063
103,"[74, 374]",0.072
103,"[184, 374]",0.084
103,"[263, 374]",0.095
103,"[96, 374]",0.101
103,"[301, 374]",0.11
103,"[8, 374]",0.113
103,"[286, 374]",0.118
103,"[160, 374]",0.13
103,"[263, 352]",0.135
103,"[34, 374]",0.26
103,"[184, 230]",1.75
103,"[96, 122]",1.851
103,"[71, 73]",2.219
103,"[96, 150]",2.257
103,"[118, 422]",2.351
103,"[281, 352]",2.481
103,"[84, 388]",2.505
103,"[47, 82]",2.73
103,"[144, 388]",2.777
103,"[26, 162]",3.365
103,"[11, 111]",3.85
103,"[156, 301]",4.426
103,"[244, 374]",10
103,"[240, 374]",10
103,"[124, 374]",10
104,"[110, 374]",0.014
104,"[73, 374]",0.024
104,"[108, 374]",0.024
104,"[255, 374]",0.037
104,"[352, 378]",0.041
104,"[374, 374]",0.057
104,"[211, 374]",0.063
104,"[74, 374]",0.072
104,"[184, 374]",0.084
104,"[263, 374]",0.095
104,"[96, 374]",0.101
104,"[301, 374]",0.11
104,"[8, 374]",0.113
104,"[286, 374]",0.118
104,"[160, 374]",0.13
104,"[263, 352]",0.135
104,"[84, 374]",0.166
104,"[92, 244]",2.177
104,"[111, 144]",2.328
104,"[74, 380]",2.377
104,"[95, 240]",2.419
104,"[71, 162]",2.517
104,"[258, 374]",2.534
104,"[160, 162]",2.802
104,"[124, 176]",2.852
104,"[26, 388]",3.14
104,"[177, 255]",3.792
104,"[240, 374]",10
104,"[97, 374]",10
104,"[26, 374]",10
104,"[198, 374]",10
104,"[47, 374]",10
105,"[110, 374]",0.014
105,"[73, 374]",0.024
105,"[108, 374]",0.024
105,"[255, 374]",0.037
105,"[352, 378]",0.041
105,"[374, 374]",0.057
105,"[211, 374]",0.063
105,"[74, 374]",0.072
105,"[184, 374]",0.084
105,"[263, 374]",0.095
105,"[96, 374]",0.101
105,"[301, 374]",0.11
105,"[8, 374]",0.113
105,"[286, 374]",0.118
105,"[160, 374]",0.13
105,"[263, 352]",0.135
105,"[249, 352]",0.945
105,"[237, 374]",2.161
105,"[177, 352]",2.226
105,"[162, 172]",2.283
105,"[26, 352]",2.466
105,"[258, 377]",2.63
105,"[162, 433]",2.723
105,"[124, 173]",2.761
105,"[47, 162]",2.923
105,"[70, 374]",10
105,"[97, 374]",10
105,"[71, 374]",10
105,"[93, 374]",10
105,"[47, 374]",10
105,"[240, 374]",10
105,"[350, 374]",10
106,"[110, 374]",0.014
106,"[73, 374]",0.024
106,"[108, 374]",0.024
106,"[255, 374]",0.037
106,"[352, 378]",0.041
106,"[374, 374]",0.057
106,"[211, 374]",0.063
106,"[74, 374]",0.072
106,"[184, 374]",0.084
106,"[263, 374]",0.095
106,"[96, 374]",0.101
106,"[301, 374]",0.11
106,"[8, 374]",0.113
106,"[286, 374]",0.118
106,"[160, 374]",0.13
106,"[263, 352]",0.135
106,"[181, 374]",0.313
106,"[262, 374]",0.376
106,"[196, 374]",0.972
106,"[130, 378]",1.298
106,"[171, 374]",2.137
106,"[301, 376]",2.272
106,"[263, 353]",2.278
106,"[255, 274]",2.344
106,"[162, 264]",2.403
106,"[160, 352]",2.493
106,"[110, 377]",2.605
106,"[97, 428]",2.802
106,"[41, 172]",2.973
106,"[47, 159]",3.103
106,"[135, 160]",3.269
106,"[71, 374]",10
107,"[110, 374]",0.014
107,"[73, 374]",0.024
107,"[108, 374]",0.024
107,"[255, 374]",0.037
107,"[352, 378]",0.041
107,"[374, 374]",0.057
107,"[211, 374]",0.063
107,"[74, 374]",0.072
107,"[184, 374]",0.084
107,"[263, 374]",0.095
107,"[96, 374]",0.101
107,"[301, 374]",0.11
107,"[8, 374]",0.113
107,"[286, 374]",0.118
107,"[160, 374]",0.13
107,"[263, 352]",0.135
107,"[255, 378]",1.262
107,"[203, 378]",2.123
107,"[8, 248]",2.126
107,"[110, 286]",2.196
107,"[96, 277]",2.226
107,"[85, 274]",2.234
107,"[286, 352]",2.371
107,"[135, 374]",2.426
107,"[135, 288]",2.448
107,"[97, 163]",2.484
107,"[160, 292]",2.801
107,"[353, 404]",2.952
107,"[301, 387]",3.43
107,"[148, 374]",10
107,"[220, 374]",10
107,"[234, 374]",10
108,"[110, 374]",0.014
108,"[73, 374]",0.024
108,"[108, 374]",0.024
108,"[255, 374]",0.037
108,"[352, 378]",0.041
108,"[374, 374]",0.057
108,"[211, 374]",0.063
108,"[74, 374]",0.072
108,"[184, 374]",0.084
108,"[263, 374]",0.095
108,"[96, 374]",0.101
108,"[301, 374]",0.11
108,"[8, 374]",0.113
108,"[286, 374]",0.118
108,"[160, 374]",0.13
108,"[263, 352]",0.135
108,"[7, 374]",0.16
108,"[352, 374]",0.299
108,"[74, 199]",2.231
108,"[286, 396]",2.345
108,"[286, 352]",2.371
108,"[135, 374]",2.426
108,"[293, 353]",2.58
108,"[148, 375]",2.639
108,"[102, 148]",2.931
108,"[220, 430]",3.59
108,"[135, 387]",3.933
108,"[255, 400]",4.049
108,"[250, 255]",4.148
108,"[241, 374]",10
108,"[361, 374]",10
108,"[85, 374]",10
109,"[110, 374]",0.014
109,"[73, 374]",0.024
109,"[108, 374]",0.024
109,"[255, 374]",0.037
109,"[352, 378]",0.041
109,"[374, 374]",0.057
109,"[211, 374]",0.063
109,"[74, 374]",0.072
109,"[184, 374]",0.084
109,"[263, 374]",0.095
109,"[96, 374]",0.101
109,"[301, 374]",0.11
109,"[8, 374]",0.113
109,"[286, 374]",0.118
109,"[160, 374]",0.13
109,"[263, 352]",0.135
109,"[301, 352]",1.034
109,"[302, 374]",1.115
109,"[207, 286]",1.243
109,"[96, 293]",2.029
109,"[204, 286]",2.108
109,"[352, 353]",2.188
109,"[141, 160]",2.263
109,"[52, 396]",2.58
109,"[76, 375]",2.726
109,"[273, 353]",2.788
109,"[138, 250]",2.893
109,"[241, 400]",3.05
109,"[7, 208]",4.382
109,"[374, 412]",10
109,"[221, 374]",10
109,"[241, 374]",10
110,"[110, 374]",0.014
110,"[73, 374]",0.024
110,"[108, 374]",0.024
110,"[255, 374]",0.037
110,"[352, 378]",0.041
110,"[374, 374]",0.057
110,"[211, 374]",0.063
110,"[74, 374]",0.072
110,"[184, 374]",0.084
110,"[263, 374]",0.095
110,"[96, 374]",0.101
110,"[301, 374]",0.11
110,"[8, 374]",0.113
110,"[286, 374]",0.118
110,"[160, 374]",0.13
110,"[263, 352]",0.135
110,"[352, 374]",0.299
110,"[174, 374]",1.089
110,"[7, 286]",1.529
110,"[273, 320]",2.028
110,"[8, 166]",2.176
110,"[73, 155]",2.192
110,"[263, 353]",2.278
110,"[126, 353]",2.48
110,"[108, 175]",2.511
110,"[108, 400]",2.674
110,"[67, 412]",2.828
110,"[211, 373]",3.021
110,"[208, 281]",3.264
110,"[7, 375]",4.024
110,"[42, 374]",10
110,"[241, 374]",10
111,"[110, 374]",0.014
111,"[73, 374]",0.024
111,"[108, 374]",0.024
111,"[255, 374]",0.037
111,"[352, 378]",0.041
111,"[374, 374]",0.057
111,"[211, 374]",0.063
111,"[74, 374]",0.072
111,"[184, 374]",0.084
111,"[263, 374]",0.095
111,"[96, 374]",0.101
111,"[301, 374]",0.11
111,"[8, 374]",0.113
111,"[286, 374]",0.118
111,"[160, 374]",0.13
111,"[263, 352]",0.135
111,"[352, 374]",0.299
111,"[73, 352]",0.404
111,"[174, 352]",0.729
111,"[202, 286]",1.526
111,"[137, 286]",1.65
111,"[96, 385]",2.147
111,"[108, 165]",2.305
111,"[67, 374]",2.341
111,"[301, 373]",2.515
111,"[166, 268]",2.662
111,"[166, 336]",3.026
111,"[42, 412]",3.027
111,"[211, 286]",3.302
111,"[286, 413]",3.451
111,"[170, 374]",10
111,"[308, 374]",10
112,"[110, 374]",0.014
112,"[73, 374]",0.024
112,"[108, 374]",0.024
112,"[255, 374]",0.037
112,"[352, 378]",0.041
112,"[374, 374]",0.057
112,"[211, 374]",0.063
112,"[74, 374]",0.072
112,"[184, 374]",0.084
112,"[263, 374]",0.095
112,"[96, 374]",0.101
112,"[301, 374]",0.11
112,"[8, 374]",0.113
112,"[286, 374]",0.118
112,"[160, 374]",0.13
112,"[263, 352]",0.135
112,"[114, 374]",2.076
112,"[274, 301]",2.151
112,"[8, 347]",2.356
112,"[373, 381]",2.449
112,"[301, 360]",2.463
112,"[60, 373]",2.589
112,"[19, 42]",2.801
112,"[160, 412]",2.874
112,"[166, 211]",3.034
112,"[211, 269]",3.09
112,"[211, 381]",3.586
112,"[67, 336]",3.907
112,"[166, 374]",10
112,"[170, 374]",10
112,"[226, 413]",10
112,"[202, 374]",10
113,"[110, 374]",0.014
113,"[73, 374]",0.024
113,"[108, 374]",0.024
113,"[255, 374]",0.037
113,"[352, 378]",0.041
113,"[374, 374]",0.057
113,"[211, 374]",0.063
113,"[74, 374]",0.072
113,"[184, 374]",0.084
113,"[263, 374]",0.095
113,"[96, 374]",0.101
113,"[301, 374]",0.11
113,"[8, 374]",0.113
113,"[286, 374]",0.118
113,"[160, 374]",0.13
113,"[263, 352]",0.135
113,"[370, 374]",0.319
113,"[286, 298]",1.83
113,"[286, 381]",2.047
113,"[0, 184]",2.089
113,"[73, 269]",2.093
113,"[83, 96]",2.219
113,"[166, 407]",2.534
113,"[184, 212]",2.728
113,"[60, 136]",2.867
113,"[114, 343]",2.978
113,"[8, 211]",3.25
113,"[374, 378]",10
113,"[374, 413]",10
113,"[2, 374]",10
113,"[170, 374]",10
113,"[107, 374]",10
114,"[110, 374]",0.014
114,"[73, 374]",0.024
114,"[108, 374]",0.024
114,"[255, 374]",0.037
114,"[352, 378]",0.041
114,"[374, 374]",0.057
114,"[211, 374]",0.063
114,"[74, 374]",0.072
114,"[184, 374]",0.084
114,"[263, 374]",0.095
114,"[96, 374]",0.101
114,"[301, 374]",0.11
114,"[8, 374]",0.113
114,"[286, 374]",0.118
114,"[160, 374]",0.13
114,"[263, 352]",0.135
114,"[60, 374]",0.586
114,"[149, 374]",1.323
114,"[73, 92]",1.671
114,"[73, 136]",2.048
114,"[0, 284]",2.055
114,"[298, 370]",2.192
114,"[269, 286]",2.346
114,"[187, 374]",2.447
114,"[184, 286]",2.484
114,"[110, 366]",2.635
114,"[170, 204]",2.751
114,"[286, 372]",2.975
114,"[107, 379]",3.378
114,"[114, 116]",3.392
114,"[211, 281]",3.461
114,"[184, 211]",4.382
115,"[110, 374]",0.014
115,"[73, 374]",0.024
115,"[108, 374]",0.024
115,"[255, 374]",0.037
115,"[352, 378]",0.041
115,"[374, 374]",0.057
115,"[211, 374]",0.063
115,"[74, 374]",0.072
115,"[184, 374]",0.084
115,"[263, 374]",0.095
115,"[96, 374]",0.101
115,"[301, 374]",0.11
115,"[8, 374]",0.113
115,"[286, 374]",0.118
115,"[160, 374]",0.13
115,"[263, 352]",0.135
115,"[352, 374]",0.299
115,"[60, 374]",0.586
115,"[69, 374]",1.074
115,"[149, 374]",1.323
115,"[73, 90]",2.006
115,"[96, 328]",2.02
115,"[10, 374]",2.126
115,"[8, 160]",2.172
115,"[255, 285]",2.858
115,"[74, 344]",2.883
115,"[149, 370]",2.909
115,"[39, 374]",10
115,"[374, 446]",10
115,"[374, 380]",10
115,"[374, 399]",10
115,"[107, 374]",10
116,"[110, 374]",0.014
116,"[73, 374]",0.024
116,"[108, 374]",0.024
116,"[255, 374]",0.037
116,"[335, 374]",0.037
116,"[352, 378]",0.041
116,"[374, 374]",0.057
116,"[211, 374]",0.063
116,"[74, 374]",0.072
116,"[184, 374]",0.084
116,"[263, 374]",0.095
116,"[96, 374]",0.101
116,"[301, 374]",0.11
116,"[8, 374]",0.113
116,"[286, 374]",0.118
116,"[160, 374]",0.13
116,"[263, 352]",0.135
116,"[0, 374]",0.562
116,"[238, 352]",1.02
116,"[8, 392]",1.317
116,"[378, 409]",1.484
116,"[8, 285]",2.055
116,"[73, 421]",2.499
116,"[215, 374]",2.603
116,"[310, 374]",2.708
116,"[7, 39]",2.786
116,"[189, 328]",2.851
116,"[160, 368]",3.0
116,"[149, 176]",3.188
116,"[149, 327]",4.214
116,"[77, 301]",10
116,"[374, 413]",10
117,"[110, 374]",0.014
117,"[73, 374]",0.024
117,"[108, 374]",0.024
117,"[255, 374]",0.037
117,"[335, 374]",0.037
117,"[352, 378]",0.041
117,"[374, 374]",0.057
117,"[211, 374]",0.063
117,"[74, 374]",0.072
117,"[184, 374]",0.084
117,"[263, 374]",0.095
117,"[96, 374]",0.101
117,"[301, 374]",0.11
117,"[8, 374]",0.113
117,"[286, 374]",0.118
117,"[160, 374]",0.13
117,"[7, 374]",0.16
117,"[352, 374]",0.299
117,"[352, 400]",1.124
117,"[121, 374]",1.265
117,"[149, 374]",1.323
117,"[318, 335]",2.042
117,"[39, 442]",2.152
117,"[77, 167]",2.251
117,"[160, 431]",2.337
117,"[73, 413]",2.434
117,"[152, 335]",2.83
117,"[192, 301]",2.987
117,"[108, 290]",3.109
117,"[51, 374]",3.288
117,"[109, 149]",3.894
117,"[374, 415]",10
118,"[110, 374]",0.014
118,"[73, 374]",0.024
118,"[108, 374]",0.024
118,"[255, 374]",0.037
118,"[335, 374]",0.037
118,"[352, 378]",0.041
118,"[374, 374]",0.057
118,"[211, 374]",0.063
118,"[74, 374]",0.072
118,"[184, 374]",0.084
118,"[263, 374]",0.095
118,"[96, 374]",0.101
118,"[301, 374]",0.11
118,"[8, 374]",0.113
118,"[286, 374]",0.118
118,"[160, 374]",0.13
118,"[290, 374]",0.565
118,"[179, 286]",1.85
118,"[96, 356]",2.117
118,"[160, 279]",2.886
118,"[160, 301]",2.922
118,"[301, 335]",3.15
118,"[7, 424]",3.33
118,"[152, 185]",3.571
118,"[149, 221]",3.628
118,"[310, 335]",3.928
118,"[351, 374]",10
118,"[17, 374]",10
118,"[266, 374]",10
118,"[279, 374]",10
118,"[374, 418]",10
118,"[4, 374]",10
119,"[110, 374]",0.014
119,"[73, 374]",0.024
119,"[108, 374]",0.024
119,"[255, 374]",0.037
119,"[335, 374]",0.037
119,"[352, 378]",0.041
119,"[374, 374]",0.057
119,"[211, 374]",0.063
119,"[74, 374]",0.072
119,"[184, 374]",0.084
119,"[263, 374]",0.095
119,"[96, 374]",0.101
119,"[301, 374]",0.11
119,"[8, 374]",0.113
119,"[286, 374]",0.118
119,"[160, 374]",0.13
119,"[213, 374]",0.328
119,"[32, 374]",0.41
119,"[50, 374]",0.602
119,"[296, 352]",0.857
119,"[374, 377]",1.12
119,"[149, 374]",1.323
119,"[95, 335]",2.079
119,"[81, 356]",2.424
119,"[301, 351]",3.192
119,"[221, 266]",3.222
119,"[4, 382]",3.613
119,"[266, 374]",10
119,"[218, 374]",10
119,"[374, 384]",10
119,"[159, 374]",10
119,"[4, 374]",10
120,"[110, 374]",0.014
120,"[73, 374]",0.024
120,"[108, 374]",0.024
120,"[255, 374]",0.037
120,"[335, 374]",0.037
120,"[352, 378]",0.041
120,"[374, 374]",0.057
120,"[211, 374]",0.063
120,"[74, 374]",0.072
120,"[184, 374]",0.084
120,"[263, 374]",0.095
120,"[96, 374]",0.101
120,"[301, 374]",0.11
120,"[8, 374]",0.113
120,"[286, 374]",0.118
120,"[160, 374]",0.13
120,"[32, 374]",0.41
120,"[177, 374]",1.36
120,"[141, 263]",1.689
120,"[13, 95]",2.136
120,"[52, 296]",2.156
120,"[96, 191]",2.207
120,"[74, 201]",2.371
120,"[248, 374]",2.442
120,"[108, 435]",2.486
120,"[76, 296]",3.171
120,"[213, 310]",3.473
120,"[296, 371]",3.672
120,"[152, 301]",3.753
120,"[152, 382]",10
120,"[2, 374]",10
120,"[100, 374]",10
121,"[110, 374]",0.014
121,"[73, 374]",0.024
121,"[108, 374]",0.024
121,"[255, 374]",0.037
121,"[335, 374]",0.037
121,"[352, 378]",0.041
121,"[374, 374]",0.057
121,"[211, 374]",0.063
121,"[74, 374]",0.072
121,"[184, 374]",0.084
121,"[263, 374]",0.095
121,"[96, 374]",0.101
121,"[301, 374]",0.11
121,"[8, 374]",0.113
121,"[286, 374]",0.118
121,"[160, 374]",0.13
121,"[374, 403]",0.496
121,"[346, 352]",1.136
121,"[177, 374]",1.36
121,"[73, 365]",1.637
121,"[117, 286]",1.867
121,"[73, 310]",2.241
121,"[76, 125]",2.468
121,"[74, 162]",2.489
121,"[110, 201]",2.498
121,"[152, 374]",2.598
121,"[213, 394]",2.944
121,"[248, 278]",3.298
121,"[2, 310]",3.472
121,"[255, 263]",3.851
121,"[76, 374]",10
121,"[52, 374]",10
122,"[110, 374]",0.014
122,"[73, 374]",0.024
122,"[108, 374]",0.024
122,"[255, 374]",0.037
122,"[335, 374]",0.037
122,"[352, 378]",0.041
122,"[374, 374]",0.057
122,"[211, 374]",0.063
122,"[74, 374]",0.072
122,"[184, 374]",0.084
122,"[263, 374]",0.095
122,"[96, 374]",0.101
122,"[301, 374]",0.11
122,"[8, 374]",0.113
122,"[286, 374]",0.118
122,"[160, 374]",0.13
122,"[213, 374]",0.328
122,"[208, 352]",0.771
122,"[149, 374]",1.323
122,"[263, 412]",1.841
122,"[248, 288]",2.237
122,"[73, 310]",2.241
122,"[96, 182]",2.418
122,"[110, 160]",2.578
122,"[94, 108]",2.869
122,"[150, 248]",2.952
122,"[152, 329]",3.363
122,"[213, 316]",3.436
122,"[224, 374]",10
122,"[23, 374]",10
122,"[24, 96]",10
122,"[282, 374]",10
123,"[110, 374]",0.014
123,"[73, 374]",0.024
123,"[108, 374]",0.024
123,"[255, 374]",0.037
123,"[335, 374]",0.037
123,"[352, 378]",0.041
123,"[374, 374]",0.057
123,"[211, 374]",0.063
123,"[74, 374]",0.072
123,"[184, 374]",0.084
123,"[263, 374]",0.095
123,"[96, 374]",0.101
123,"[301, 374]",0.11
123,"[8, 374]",0.113
123,"[286, 374]",0.118
123,"[160, 374]",0.13
123,"[252, 374]",0.243
123,"[132, 374]",0.767
123,"[73, 290]",1.902
123,"[146, 263]",1.924
123,"[248, 374]",2.442
123,"[73, 207]",2.55
123,"[301, 422]",2.838
123,"[149, 316]",4.007
123,"[331, 374]",10
123,"[113, 374]",10
123,"[282, 374]",10
123,"[59, 374]",10
123,"[304, 316]",10
123,"[374, 401]",10
123,"[150, 374]",10
123,"[224, 374]",10
124,"[110, 374]",0.014
124,"[73, 374]",0.024
124,"[108, 374]",0.024
124,"[255, 374]",0.037
124,"[335, 374]",0.037
124,"[352, 378]",0.041
124,"[374, 374]",0.057
124,"[211, 374]",0.063
124,"[74, 374]",0.072
124,"[184, 374]",0.084
124,"[263, 374]",0.095
124,"[96, 374]",0.101
124,"[301, 374]",0.11
124,"[8, 374]",0.113
124,"[286, 374]",0.118
124,"[160, 374]",0.13
124,"[352, 374]",0.299
124,"[261, 374]",0.487
124,"[374, 430]",1.039
124,"[177, 374]",1.36
124,"[258, 352]",1.743
124,"[263, 290]",2.029
124,"[1, 96]",2.15
124,"[282, 429]",2.642
124,"[255, 401]",3.623
124,"[252, 346]",3.766
124,"[149, 207]",4.244
124,"[255, 316]",4.597
124,"[46, 374]",10
124,"[150, 374]",10
124,"[216, 374]",10
124,"[282, 374]",10
125,"[110, 374]",0.014
125,"[73, 374]",0.024
125,"[108, 374]",0.024
125,"[255, 374]",0.037
125,"[335, 374]",0.037
125,"[352, 378]",0.041
125,"[374, 374]",0.057
125,"[211, 374]",0.063
125,"[74, 374]",0.072
125,"[184, 374]",0.084
125,"[263, 374]",0.095
125,"[96, 374]",0.101
125,"[301, 374]",0.11
125,"[8, 374]",0.113
125,"[286, 374]",0.118
125,"[160, 374]",0.13
125,"[352, 374]",0.299
125,"[309, 352]",0.335
125,"[314, 374]",0.589
125,"[255, 352]",1.059
125,"[282, 352]",1.139
125,"[236, 263]",1.746
125,"[119, 374]",1.767
125,"[80, 290]",3.15
125,"[101, 255]",3.528
125,"[8, 316]",3.787
125,"[134, 150]",3.962
125,"[126, 374]",10
125,"[46, 374]",10
125,"[245, 374]",10
125,"[29, 374]",10
125,"[216, 374]",10
126,"[110, 374]",0.014
126,"[73, 374]",0.024
126,"[108, 374]",0.024
126,"[255, 374]",0.037
126,"[335, 374]",0.037
126,"[352, 378]",0.041
126,"[374, 374]",0.057
126,"[211, 374]",0.063
126,"[74, 374]",0.072
126,"[184, 374]",0.084
126,"[263, 374]",0.095
126,"[96, 374]",0.101
126,"[301, 374]",0.11
126,"[8, 374]",0.113
126,"[286, 374]",0.118
126,"[160, 374]",0.13
126,"[352, 374]",0.299
126,"[263, 378]",1.185
126,"[256, 352]",1.33
126,"[41, 374]",1.561
126,"[191, 374]",1.817
126,"[177, 335]",2.329
126,"[215, 374]",2.603
126,"[88, 184]",2.688
126,"[78, 108]",2.947
126,"[42, 309]",3.227
126,"[110, 316]",3.79
126,"[134, 262]",4.325
126,"[2, 374]",10
126,"[228, 374]",10
126,"[360, 374]",10
126,"[369, 374]",10
